-- phpMyAdmin SQL Dump
-- version 5.1.1
-- https://www.phpmyadmin.net/
--
-- Host: 127.0.0.1
-- Generation Time: Jan 16, 2023 at 06:04 PM
-- Server version: 10.4.20-MariaDB
-- PHP Version: 8.0.8

SET SQL_MODE = "NO_AUTO_VALUE_ON_ZERO";
START TRANSACTION;
SET time_zone = "+00:00";


/*!40101 SET @OLD_CHARACTER_SET_CLIENT=@@CHARACTER_SET_CLIENT */;
/*!40101 SET @OLD_CHARACTER_SET_RESULTS=@@CHARACTER_SET_RESULTS */;
/*!40101 SET @OLD_COLLATION_CONNECTION=@@COLLATION_CONNECTION */;
/*!40101 SET NAMES utf8mb4 */;

--
-- Database: `django_api`
--

-- --------------------------------------------------------

--
-- Table structure for table `account_emailaddress`
--

CREATE TABLE `account_emailaddress` (
  `id` int(11) NOT NULL,
  `email` varchar(254) NOT NULL,
  `verified` tinyint(1) NOT NULL,
  `primary` tinyint(1) NOT NULL,
  `user_id` int(11) NOT NULL
) ENGINE=InnoDB DEFAULT CHARSET=utf8mb4;

-- --------------------------------------------------------

--
-- Table structure for table `account_emailconfirmation`
--

CREATE TABLE `account_emailconfirmation` (
  `id` int(11) NOT NULL,
  `created` datetime(6) NOT NULL,
  `sent` datetime(6) DEFAULT NULL,
  `key` varchar(64) NOT NULL,
  `email_address_id` int(11) NOT NULL
) ENGINE=InnoDB DEFAULT CHARSET=utf8mb4;

-- --------------------------------------------------------

--
-- Table structure for table `api_kanker`
--

CREATE TABLE `api_kanker` (
  `id` bigint(20) NOT NULL,
  `rerata_jari2_lobus` int(11) NOT NULL,
  `rerata_tumor_inti` int(11) NOT NULL,
  `rerata_luas_lobus` int(11) NOT NULL,
  `rerata_luas_permukaan_tumor` int(11) NOT NULL,
  `rerata_cekungan_kontur` int(11) NOT NULL,
  `rerata_jumlah_cekungan_kontur` int(11) NOT NULL,
  `se_jari2_lobus` int(11) NOT NULL,
  `se_tekstur_permukaan` int(11) NOT NULL,
  `se_tumor_inti` int(11) NOT NULL,
  `se_luas_permukaan_tumor` int(11) NOT NULL,
  `se_cekungan_kontur` int(11) NOT NULL,
  `se_jumlah_cekungan_kontur` int(11) NOT NULL,
  `se_fraktal_spesimen` int(11) NOT NULL,
  `keparahan_jari2_lobus` int(11) NOT NULL,
  `keparahan_tekstur_permukaan` int(11) NOT NULL,
  `keparahan_tumor_inti` int(11) NOT NULL,
  `keparahan_luas_lobus` int(11) NOT NULL,
  `keparahan_luas_permukaan_tumor` int(11) NOT NULL,
  `keparahan_cekungan_kontur` int(11) NOT NULL,
  `keparahan_jumlah_cekungan_kontur` int(11) NOT NULL
) ENGINE=InnoDB DEFAULT CHARSET=utf8mb4;

--
-- Dumping data for table `api_kanker`
--

INSERT INTO `api_kanker` (`id`, `rerata_jari2_lobus`, `rerata_tumor_inti`, `rerata_luas_lobus`, `rerata_luas_permukaan_tumor`, `rerata_cekungan_kontur`, `rerata_jumlah_cekungan_kontur`, `se_jari2_lobus`, `se_tekstur_permukaan`, `se_tumor_inti`, `se_luas_permukaan_tumor`, `se_cekungan_kontur`, `se_jumlah_cekungan_kontur`, `se_fraktal_spesimen`, `keparahan_jari2_lobus`, `keparahan_tekstur_permukaan`, `keparahan_tumor_inti`, `keparahan_luas_lobus`, `keparahan_luas_permukaan_tumor`, `keparahan_cekungan_kontur`, `keparahan_jumlah_cekungan_kontur`) VALUES
(1, 370, 455, 452, 531, 521, 526, 525, 169, 520, 489, 460, 400, 489, 425, 41, 497, 516, 516, 520, 483),
(2, 406, 478, 487, 459, 478, 516, 481, 117, 458, 455, 368, 465, 407, 399, 261, 455, 491, 464, 438, 468),
(3, 98, 164, 95, 533, 507, 493, 404, 278, 400, 526, 469, 450, 523, 215, 298, 281, 194, 524, 511, 479),
(4, 418, 493, 506, 414, 480, 492, 484, 114, 485, 319, 471, 453, 446, 381, 28, 453, 470, 245, 415, 363),
(5, 159, 223, 200, 477, 440, 423, 278, 159, 246, 406, 357, 274, 444, 238, 206, 309, 308, 492, 472, 380),
(6, 376, 445, 458, 333, 374, 402, 383, 109, 379, 149, 228, 236, 126, 387, 326, 457, 475, 325, 394, 408),
(7, 233, 308, 293, 465, 335, 362, 440, 352, 425, 374, 248, 368, 456, 291, 343, 343, 371, 419, 305, 349),
(8, 192, 280, 243, 497, 469, 468, 242, 218, 282, 423, 351, 299, 336, 240, 395, 322, 305, 495, 475, 432),
(9, 160, 238, 196, 524, 501, 436, 233, 417, 209, 524, 501, 365, 529, 224, 502, 270, 295, 528, 536, 452),
(10, 324, 388, 404, 146, 144, 259, 326, 285, 290, 60, 77, 125, 255, 331, 458, 381, 415, 151, 175, 241),
(11, 322, 393, 399, 396, 350, 385, 407, 207, 408, 457, 283, 316, 373, 355, 320, 416, 440, 498, 411, 390),
(12, 394, 484, 471, 526, 485, 502, 510, 515, 530, 530, 512, 505, 539, 363, 379, 450, 447, 435, 384, 383),
(13, 323, 394, 401, 299, 349, 337, 345, 259, 349, 387, 446, 461, 252, 284, 326, 347, 366, 219, 272, 271),
(14, 234, 326, 294, 521, 490, 421, 96, 281, 215, 508, 463, 410, 517, 222, 429, 333, 282, 522, 514, 451),
(15, 273, 358, 348, 458, 443, 401, 317, 236, 346, 465, 429, 255, 458, 302, 487, 382, 385, 513, 517, 374),
(16, 280, 342, 365, 174, 296, 332, 395, 310, 380, 102, 198, 261, 112, 329, 399, 379, 414, 211, 323, 360),
(17, 328, 409, 405, 505, 460, 491, 436, 256, 424, 323, 324, 324, 371, 363, 411, 417, 444, 461, 450, 434),
(18, 410, 478, 498, 310, 424, 474, 486, 226, 494, 241, 340, 384, 102, 439, 399, 498, 529, 377, 473, 465),
(19, 222, 279, 283, 228, 278, 316, 196, 120, 214, 169, 244, 330, 147, 226, 79, 291, 294, 190, 275, 297),
(20, 196, 258, 244, 388, 212, 245, 59, 98, 75, 243, 151, 83, 167, 202, 113, 256, 243, 343, 228, 142),
(21, 28, 27, 28, 138, 126, 135, 206, 203, 187, 163, 192, 362, 247, 22, 11, 18, 21, 91, 98, 103),
(22, 310, 386, 376, 510, 487, 482, 379, 85, 395, 499, 488, 475, 391, 316, 73, 386, 392, 507, 498, 466),
(23, 436, 496, 519, 307, 367, 439, 469, 267, 448, 127, 153, 235, 100, 446, 475, 499, 534, 327, 339, 423),
(24, 341, 417, 428, 434, 431, 463, 491, 166, 486, 239, 278, 269, 227, 436, 413, 490, 524, 410, 445, 438),
(25, 351, 435, 429, 519, 498, 523, 521, 202, 510, 440, 363, 482, 508, 376, 139, 454, 460, 439, 402, 478),
(26, 274, 363, 338, 491, 414, 448, 175, 206, 227, 379, 270, 343, 328, 306, 446, 378, 370, 515, 477, 486),
(27, 381, 454, 467, 323, 425, 410, 502, 452, 490, 346, 447, 455, 379, 367, 318, 423, 452, 257, 370, 334),
(28, 308, 385, 388, 476, 451, 446, 380, 223, 405, 380, 353, 253, 246, 351, 484, 444, 434, 510, 499, 426),
(29, 362, 432, 441, 363, 347, 419, 447, 132, 461, 375, 341, 344, 334, 346, 86, 413, 426, 347, 285, 326),
(30, 382, 461, 465, 494, 506, 512, 496, 378, 489, 411, 452, 280, 405, 392, 459, 469, 486, 466, 495, 399),
(31, 125, 170, 157, 444, 391, 328, 400, 234, 402, 414, 392, 239, 463, 283, 342, 371, 369, 502, 515, 347),
(32, 347, 425, 426, 440, 508, 509, 448, 359, 429, 381, 445, 264, 345, 361, 433, 415, 448, 408, 479, 398),
(33, 398, 469, 480, 478, 447, 408, 432, 43, 406, 405, 349, 211, 350, 408, 400, 472, 500, 514, 493, 388),
(34, 328, 406, 409, 453, 405, 411, 275, 78, 241, 361, 269, 180, 343, 350, 318, 408, 433, 503, 468, 402),
(35, 343, 418, 422, 417, 404, 363, 389, 178, 359, 322, 359, 292, 202, 346, 362, 412, 428, 427, 476, 391),
(36, 259, 327, 330, 335, 399, 347, 215, 228, 325, 372, 434, 281, 361, 256, 386, 364, 332, 462, 466, 323),
(37, 194, 224, 246, 17, 104, 225, 55, 497, 33, 8, 104, 283, 68, 136, 178, 142, 168, 3, 48, 63),
(38, 295, 346, 374, 64, 95, 224, 531, 488, 518, 85, 167, 456, 63, 220, 246, 252, 284, 7, 24, 23),
(39, 217, 291, 276, 385, 362, 341, 97, 41, 116, 292, 308, 307, 268, 243, 276, 326, 306, 460, 461, 459),
(40, 213, 265, 280, 116, 136, 127, 144, 134, 125, 90, 110, 97, 10, 257, 383, 305, 329, 242, 249, 270),
(41, 73, 96, 82, 377, 360, 352, 139, 366, 172, 219, 257, 234, 254, 110, 473, 175, 135, 337, 417, 319),
(42, 391, 472, 469, 513, 489, 485, 514, 429, 523, 538, 518, 492, 513, 407, 445, 491, 482, 520, 521, 472),
(43, 206, 276, 264, 429, 346, 369, 318, 133, 285, 279, 223, 207, 279, 300, 337, 350, 374, 420, 387, 335),
(44, 201, 256, 253, 317, 313, 331, 72, 45, 60, 151, 119, 95, 59, 265, 378, 318, 307, 436, 389, 359),
(45, 383, 459, 463, 475, 478, 488, 455, 67, 447, 454, 467, 421, 311, 386, 135, 448, 469, 489, 522, 464),
(46, 4, 4, 4, 108, 54, 19, 24, 195, 19, 201, 136, 58, 190, 3, 156, 4, 3, 117, 68, 16),
(47, 201, 263, 254, 381, 392, 400, 219, 162, 184, 306, 294, 297, 323, 248, 333, 306, 316, 453, 458, 435),
(48, 137, 172, 169, 270, 274, 200, 191, 90, 176, 161, 235, 51, 166, 162, 119, 207, 205, 261, 331, 118),
(49, 218, 271, 277, 204, 221, 265, 133, 343, 157, 149, 212, 288, 90, 228, 423, 283, 284, 180, 266, 295),
(50, 122, 130, 144, 55, 57, 44, 350, 299, 321, 66, 87, 118, 66, 115, 266, 125, 140, 46, 55, 35),
(51, 227, 275, 287, 118, 65, 91, 62, 183, 89, 107, 74, 134, 184, 206, 193, 255, 258, 156, 118, 199),
(52, 131, 142, 155, 51, 68, 64, 124, 52, 108, 39, 99, 138, 200, 122, 136, 131, 151, 50, 102, 105),
(53, 375, 447, 457, 438, 462, 495, 498, 414, 471, 368, 286, 192, 448, 358, 214, 414, 446, 283, 299, 302),
(54, 301, 361, 380, 170, 235, 261, 245, 140, 222, 73, 138, 192, 42, 317, 419, 367, 401, 247, 309, 344),
(55, 106, 109, 125, 87, 133, 154, 263, 196, 241, 47, 106, 166, 163, 110, 172, 113, 126, 47, 100, 106),
(56, 397, 462, 477, 387, 401, 458, 477, 288, 469, 301, 297, 387, 195, 434, 343, 484, 523, 403, 405, 437),
(57, 282, 347, 346, 423, 397, 424, 364, 274, 332, 359, 253, 313, 370, 313, 394, 362, 394, 467, 380, 395),
(58, 195, 224, 249, 19, 1, 9, 346, 301, 314, 45, 1, 20, 251, 186, 165, 209, 238, 15, 1, 4),
(59, 9, 7, 9, 75, 77, 26, 23, 38, 14, 78, 191, 53, 225, 10, 7, 8, 10, 103, 133, 48),
(60, 49, 47, 50, 224, 34, 59, 411, 372, 391, 89, 44, 144, 477, 43, 44, 40, 46, 65, 21, 17),
(61, 8, 10, 8, 267, 132, 35, 306, 480, 295, 389, 302, 195, 256, 11, 311, 10, 9, 178, 99, 19),
(62, 259, 355, 339, 504, 492, 441, 473, 316, 483, 523, 494, 447, 484, 307, 374, 370, 387, 512, 513, 388),
(63, 19, 18, 21, 260, 261, 147, 352, 493, 317, 451, 401, 392, 469, 19, 77, 21, 20, 175, 165, 65),
(64, 170, 227, 219, 386, 375, 394, 367, 282, 352, 336, 299, 320, 320, 292, 451, 346, 368, 445, 418, 375),
(65, 285, 362, 354, 436, 395, 459, 305, 319, 286, 302, 233, 288, 273, 297, 450, 360, 379, 395, 330, 362),
(66, 27, 25, 24, 206, 80, 78, 136, 476, 140, 217, 152, 199, 382, 25, 413, 26, 27, 172, 105, 115),
(67, 91, 95, 105, 48, 166, 149, 202, 188, 175, 58, 207, 175, 120, 86, 207, 85, 96, 54, 170, 132),
(68, 17, 16, 19, 427, 523, 303, 266, 289, 181, 532, 531, 501, 526, 24, 173, 20, 23, 469, 538, 381),
(69, 176, 208, 221, 70, 164, 216, 141, 153, 92, 11, 135, 165, 86, 145, 97, 156, 184, 26, 113, 91),
(70, 388, 458, 472, 311, 364, 418, 489, 123, 487, 204, 230, 351, 53, 418, 302, 479, 504, 290, 306, 389),
(71, 14, 16, 14, 446, 319, 219, 419, 146, 377, 535, 470, 434, 542, 14, 12, 12, 12, 305, 169, 57),
(72, 353, 428, 435, 487, 455, 416, 443, 239, 414, 504, 394, 268, 492, 396, 457, 449, 488, 519, 505, 405),
(73, 239, 311, 299, 392, 301, 325, 208, 47, 196, 269, 157, 190, 265, 279, 124, 341, 342, 405, 311, 312),
(74, 151, 191, 194, 159, 150, 153, 164, 231, 159, 233, 168, 135, 148, 179, 194, 206, 228, 205, 203, 202),
(75, 326, 396, 414, 243, 343, 389, 482, 225, 475, 287, 350, 439, 88, 340, 226, 397, 424, 243, 315, 340),
(76, 221, 284, 276, 317, 286, 381, 353, 224, 324, 357, 84, 147, 486, 176, 1, 217, 223, 121, 92, 145),
(77, 373, 446, 453, 511, 452, 497, 513, 32, 498, 506, 423, 467, 503, 378, 69, 446, 476, 499, 395, 439),
(78, 415, 506, 495, 536, 533, 534, 508, 456, 521, 521, 523, 489, 479, 398, 421, 485, 477, 511, 525, 474),
(79, 181, 235, 225, 284, 178, 160, 192, 264, 164, 206, 208, 142, 234, 187, 234, 223, 234, 260, 205, 159),
(80, 100, 117, 112, 278, 213, 150, 264, 487, 219, 213, 255, 121, 357, 123, 434, 144, 150, 174, 208, 98),
(81, 208, 268, 244, 447, 383, 395, 215, 225, 114, 424, 380, 353, 412, 243, 193, 261, 229, 483, 452, 373),
(82, 451, 517, 534, 528, 528, 538, 505, 382, 512, 505, 472, 462, 475, 448, 454, 509, 533, 509, 503, 489),
(83, 392, 474, 473, 483, 475, 525, 413, 512, 492, 511, 218, 445, 530, 352, 439, 427, 439, 349, 279, 397),
(84, 134, 158, 162, 172, 192, 105, 123, 313, 84, 230, 200, 105, 194, 157, 237, 183, 195, 234, 265, 151),
(85, 379, 450, 462, 319, 403, 449, 472, 383, 466, 203, 284, 361, 337, 388, 327, 453, 474, 251, 340, 365),
(86, 270, 333, 341, 297, 390, 323, 358, 490, 390, 370, 459, 432, 276, 263, 368, 330, 337, 229, 359, 290),
(87, 390, 453, 463, 375, 422, 426, 428, 68, 365, 236, 361, 295, 283, 417, 390, 456, 477, 382, 483, 411),
(88, 154, 194, 188, 279, 263, 282, 234, 394, 243, 321, 272, 322, 399, 166, 392, 219, 198, 308, 280, 286),
(89, 279, 348, 343, 418, 351, 399, 410, 92, 422, 470, 408, 407, 433, 270, 60, 335, 333, 370, 297, 313),
(90, 278, 339, 350, 257, 135, 232, 322, 266, 257, 232, 78, 161, 238, 261, 364, 307, 334, 189, 101, 131),
(91, 311, 378, 386, 313, 372, 405, 249, 142, 217, 316, 414, 433, 119, 275, 272, 328, 352, 232, 316, 331),
(92, 205, 249, 269, 61, 141, 192, 349, 276, 330, 75, 107, 252, 21, 272, 167, 314, 351, 102, 154, 243),
(93, 214, 269, 272, 230, 180, 205, 228, 349, 223, 177, 180, 200, 78, 225, 273, 269, 285, 186, 161, 158),
(94, 299, 379, 377, 449, 459, 451, 398, 199, 415, 433, 436, 448, 307, 320, 217, 380, 400, 459, 467, 443),
(95, 417, 484, 500, 407, 420, 443, 485, 398, 457, 420, 393, 311, 393, 410, 414, 461, 496, 404, 422, 355),
(96, 142, 166, 171, 167, 98, 229, 313, 400, 284, 108, 80, 383, 296, 109, 126, 117, 121, 55, 50, 91),
(97, 41, 37, 42, 77, 21, 28, 279, 478, 233, 170, 24, 38, 463, 40, 286, 34, 43, 57, 19, 14),
(98, 109, 126, 129, 190, 194, 263, 128, 28, 93, 137, 150, 98, 184, 119, 39, 124, 132, 207, 233, 193),
(99, 266, 337, 335, 355, 336, 356, 223, 453, 277, 363, 333, 363, 398, 269, 398, 336, 346, 365, 345, 353),
(100, 225, 285, 298, 249, 320, 308, 388, 323, 343, 175, 267, 220, 154, 288, 472, 332, 372, 223, 343, 283),
(101, 0, 0, 0, 194, 0, 0, 118, 397, 118, 84, 0, 0, 369, 0, 87, 0, 0, 96, 0, 0),
(102, 142, 159, 177, 25, 94, 94, 69, 411, 36, 17, 72, 92, 30, 140, 441, 145, 173, 49, 130, 146),
(103, 43, 44, 44, 288, 265, 237, 47, 305, 111, 284, 305, 264, 316, 35, 304, 57, 40, 284, 301, 233),
(104, 58, 63, 63, 255, 131, 52, 302, 404, 262, 290, 291, 162, 302, 61, 196, 67, 64, 138, 83, 27),
(105, 197, 275, 251, 481, 486, 476, 335, 184, 284, 365, 461, 355, 504, 268, 168, 323, 347, 449, 500, 420),
(106, 113, 134, 128, 304, 289, 270, 240, 428, 237, 302, 297, 358, 344, 126, 369, 154, 146, 333, 319, 288),
(107, 154, 189, 190, 158, 110, 115, 6, 163, 3, 77, 86, 46, 15, 135, 323, 155, 164, 226, 238, 192),
(108, 443, 511, 525, 529, 535, 537, 532, 406, 528, 533, 522, 486, 442, 445, 338, 507, 527, 517, 535, 491),
(109, 94, 100, 108, 141, 232, 112, 134, 210, 130, 187, 246, 79, 175, 116, 365, 136, 142, 269, 337, 180),
(110, 40, 38, 39, 241, 202, 97, 344, 364, 333, 367, 277, 229, 418, 44, 141, 52, 45, 188, 150, 70),
(111, 167, 217, 204, 376, 363, 364, 290, 448, 331, 456, 448, 479, 474, 139, 258, 200, 152, 277, 258, 268),
(112, 260, 367, 328, 516, 522, 414, 309, 391, 397, 525, 528, 478, 540, 232, 205, 324, 293, 457, 508, 336),
(113, 59, 68, 61, 402, 271, 239, 274, 454, 210, 438, 417, 388, 497, 49, 176, 59, 47, 244, 149, 99),
(114, 11, 12, 11, 232, 191, 116, 31, 39, 68, 289, 329, 237, 341, 12, 90, 17, 12, 294, 283, 255),
(115, 130, 152, 156, 213, 145, 124, 248, 182, 206, 325, 171, 130, 346, 157, 280, 180, 206, 299, 179, 140),
(116, 15, 15, 16, 383, 331, 159, 250, 204, 388, 520, 515, 480, 461, 7, 37, 15, 8, 212, 183, 37),
(117, 289, 372, 364, 466, 454, 456, 368, 191, 357, 330, 303, 312, 348, 327, 322, 392, 410, 474, 446, 427),
(118, 322, 400, 400, 480, 491, 473, 430, 255, 410, 453, 479, 356, 478, 349, 392, 405, 435, 486, 523, 428),
(119, 369, 428, 445, 153, 294, 346, 429, 301, 393, 40, 231, 215, 85, 357, 330, 400, 433, 96, 262, 284),
(120, 97, 109, 117, 149, 155, 187, 13, 10, 22, 184, 128, 81, 129, 108, 17, 133, 131, 297, 252, 209),
(121, 384, 452, 464, 337, 418, 442, 475, 412, 472, 274, 335, 402, 406, 376, 237, 437, 468, 282, 354, 371),
(122, 449, 516, 532, 534, 536, 541, 537, 514, 527, 537, 527, 442, 528, 433, 210, 495, 520, 463, 484, 456),
(123, 271, 334, 333, 336, 325, 354, 226, 150, 189, 131, 292, 295, 228, 249, 18, 306, 310, 192, 292, 289),
(124, 209, 264, 271, 184, 309, 210, 29, 270, 44, 402, 440, 235, 366, 188, 176, 225, 244, 317, 356, 210),
(125, 242, 292, 304, 121, 46, 47, 106, 148, 101, 56, 56, 24, 56, 240, 202, 294, 299, 115, 87, 67),
(126, 225, 281, 289, 214, 238, 242, 127, 220, 162, 106, 161, 96, 25, 286, 477, 351, 357, 354, 399, 303),
(127, 389, 457, 474, 223, 332, 351, 468, 339, 481, 347, 387, 345, 205, 377, 267, 442, 466, 279, 348, 288),
(128, 301, 376, 359, 486, 377, 435, 370, 253, 337, 462, 326, 476, 439, 261, 63, 320, 319, 353, 242, 318),
(129, 408, 479, 485, 457, 513, 505, 403, 292, 336, 392, 430, 238, 273, 382, 453, 443, 471, 432, 480, 378),
(130, 143, 190, 174, 283, 121, 223, 77, 130, 201, 318, 65, 141, 372, 140, 52, 218, 167, 326, 110, 171),
(131, 312, 382, 393, 378, 421, 422, 396, 116, 370, 173, 285, 257, 171, 333, 275, 384, 417, 298, 397, 338),
(132, 330, 402, 410, 394, 359, 350, 374, 315, 342, 250, 226, 193, 159, 336, 418, 402, 419, 368, 327, 300),
(133, 319, 383, 396, 281, 292, 358, 247, 129, 200, 182, 147, 310, 152, 303, 78, 359, 378, 224, 204, 310),
(134, 378, 446, 462, 289, 380, 392, 445, 294, 418, 160, 290, 185, 128, 380, 408, 438, 472, 280, 411, 311),
(135, 175, 210, 225, 98, 219, 196, 140, 353, 90, 112, 236, 174, 199, 201, 449, 227, 257, 145, 256, 223),
(136, 119, 130, 140, 120, 160, 186, 384, 501, 384, 148, 268, 328, 327, 139, 259, 160, 171, 74, 114, 133),
(137, 99, 105, 111, 161, 154, 220, 42, 213, 28, 183, 116, 160, 36, 85, 159, 102, 95, 169, 166, 194),
(138, 292, 359, 361, 404, 433, 438, 535, 373, 519, 418, 489, 497, 237, 324, 140, 376, 389, 263, 360, 369),
(139, 88, 103, 93, 351, 215, 317, 284, 340, 177, 422, 224, 458, 300, 70, 14, 79, 75, 202, 96, 201),
(140, 37, 31, 35, 29, 0, 0, 75, 20, 43, 12, 0, 0, 272, 31, 3, 24, 30, 30, 0, 0),
(141, 327, 399, 411, 352, 337, 360, 474, 336, 455, 249, 313, 284, 299, 344, 251, 398, 429, 274, 312, 287),
(142, 99, 113, 110, 282, 74, 104, 214, 460, 193, 215, 83, 205, 308, 105, 303, 119, 124, 194, 79, 110),
(143, 185, 237, 234, 283, 227, 243, 102, 108, 149, 191, 127, 124, 83, 200, 152, 265, 253, 320, 250, 245),
(144, 65, 66, 71, 65, 84, 27, 168, 309, 167, 223, 201, 48, 155, 73, 120, 82, 85, 98, 108, 31),
(145, 129, 174, 152, 398, 167, 235, 339, 61, 362, 482, 282, 262, 525, 127, 27, 162, 130, 315, 106, 96),
(146, 123, 188, 149, 477, 448, 404, 259, 365, 258, 427, 422, 445, 417, 160, 291, 224, 214, 447, 438, 403),
(147, 292, 368, 371, 365, 327, 274, 362, 461, 387, 487, 457, 385, 524, 266, 258, 325, 339, 316, 287, 189),
(148, 267, 330, 332, 306, 317, 342, 147, 94, 231, 298, 319, 378, 180, 255, 99, 332, 321, 339, 335, 358),
(149, 235, 288, 301, 136, 122, 61, 163, 99, 126, 196, 159, 54, 98, 234, 171, 266, 299, 203, 188, 95),
(150, 192, 236, 242, 195, 138, 190, 356, 332, 344, 99, 185, 278, 31, 181, 213, 213, 230, 84, 86, 105),
(151, 5, 5, 5, 404, 400, 144, 71, 472, 49, 501, 502, 228, 535, 5, 376, 5, 5, 468, 474, 155),
(152, 36, 43, 45, 459, 534, 415, 495, 507, 434, 536, 532, 506, 544, 43, 85, 46, 53, 342, 528, 354),
(153, 81, 84, 91, 63, 70, 100, 120, 115, 80, 52, 90, 146, 39, 75, 21, 75, 84, 51, 70, 73),
(154, 199, 255, 260, 245, 334, 269, 197, 121, 171, 261, 307, 206, 304, 209, 114, 272, 269, 278, 328, 231),
(155, 148, 176, 178, 148, 176, 162, 111, 205, 97, 190, 196, 133, 177, 150, 248, 166, 190, 192, 239, 173),
(156, 364, 438, 442, 469, 467, 494, 492, 360, 488, 491, 454, 444, 437, 356, 244, 410, 441, 402, 379, 339),
(157, 345, 411, 423, 177, 233, 204, 399, 479, 404, 338, 311, 262, 27, 319, 341, 373, 403, 179, 225, 191),
(158, 138, 156, 168, 71, 68, 120, 53, 89, 34, 67, 50, 67, 181, 126, 65, 137, 157, 100, 94, 135),
(159, 70, 69, 80, 14, 12, 23, 212, 100, 168, 18, 9, 13, 202, 88, 58, 86, 100, 40, 17, 39),
(160, 121, 145, 135, 355, 284, 281, 406, 435, 428, 310, 391, 277, 443, 138, 284, 199, 163, 217, 241, 157),
(161, 396, 464, 479, 369, 388, 478, 517, 54, 502, 379, 402, 496, 289, 375, 52, 441, 464, 238, 264, 387),
(162, 404, 481, 490, 470, 512, 518, 479, 245, 467, 296, 386, 326, 280, 438, 292, 488, 526, 430, 509, 455),
(163, 153, 196, 186, 303, 240, 211, 227, 427, 195, 391, 321, 272, 455, 149, 354, 177, 181, 291, 201, 172),
(164, 446, 510, 530, 357, 402, 479, 465, 148, 459, 328, 288, 407, 333, 442, 345, 496, 530, 411, 410, 462),
(165, 294, 345, 372, 82, 67, 117, 56, 250, 55, 30, 49, 77, 28, 258, 271, 304, 326, 67, 80, 85),
(166, 66, 70, 72, 96, 101, 89, 37, 5, 27, 68, 76, 41, 116, 62, 0, 64, 71, 109, 115, 52),
(167, 344, 414, 424, 273, 315, 382, 446, 358, 440, 320, 263, 403, 305, 347, 287, 406, 432, 259, 271, 330),
(168, 360, 436, 446, 460, 494, 492, 524, 363, 511, 428, 420, 395, 447, 391, 437, 460, 485, 426, 453, 376),
(169, 294, 353, 367, 217, 107, 284, 199, 303, 182, 143, 41, 181, 55, 261, 185, 315, 331, 166, 66, 195),
(170, 152, 186, 184, 165, 181, 276, 138, 69, 143, 109, 148, 301, 135, 146, 9, 172, 174, 110, 143, 224),
(171, 212, 261, 281, 130, 255, 268, 393, 273, 373, 79, 220, 203, 82, 315, 377, 365, 397, 149, 301, 280),
(172, 312, 386, 389, 450, 483, 500, 360, 64, 338, 304, 399, 332, 375, 326, 36, 385, 411, 411, 487, 394),
(173, 78, 77, 84, 97, 91, 184, 86, 449, 74, 277, 120, 399, 428, 56, 29, 56, 63, 39, 37, 47),
(174, 63, 64, 70, 35, 0, 0, 271, 467, 237, 72, 0, 0, 3, 61, 76, 61, 67, 23, 0, 0),
(175, 10, 8, 10, 34, 0, 0, 112, 118, 81, 31, 0, 0, 294, 6, 36, 6, 6, 25, 0, 0),
(176, 44, 48, 46, 397, 398, 278, 371, 492, 372, 534, 526, 484, 541, 54, 222, 60, 58, 359, 373, 240),
(177, 338, 414, 417, 451, 464, 453, 239, 320, 292, 459, 459, 440, 410, 311, 349, 380, 393, 479, 488, 429),
(178, 193, 215, 248, 0, 7, 1, 38, 271, 20, 0, 7, 1, 2, 173, 362, 189, 226, 1, 8, 2),
(179, 178, 206, 231, 18, 29, 62, 222, 211, 164, 20, 33, 116, 287, 154, 19, 169, 196, 11, 27, 41),
(180, 453, 519, 536, 496, 519, 539, 500, 388, 493, 326, 316, 301, 215, 454, 442, 511, 540, 442, 470, 485),
(181, 434, 504, 510, 532, 511, 528, 456, 102, 453, 483, 372, 394, 453, 437, 452, 489, 522, 521, 507, 490),
(182, 318, 381, 397, 261, 275, 329, 316, 274, 282, 294, 187, 213, 168, 348, 440, 401, 434, 406, 320, 346),
(183, 97, 111, 113, 229, 267, 165, 277, 265, 185, 436, 477, 423, 427, 89, 49, 91, 97, 158, 198, 105),
(184, 307, 375, 378, 318, 241, 255, 83, 18, 64, 155, 158, 59, 188, 312, 339, 355, 390, 388, 383, 291),
(185, 47, 42, 52, 47, 8, 2, 365, 316, 328, 111, 8, 3, 303, 68, 133, 71, 79, 72, 6, 3),
(186, 377, 442, 459, 244, 310, 355, 183, 13, 170, 57, 114, 90, 5, 367, 289, 420, 454, 307, 377, 354),
(187, 119, 129, 136, 122, 172, 252, 156, 104, 160, 46, 190, 289, 47, 116, 138, 141, 145, 75, 181, 267),
(188, 124, 137, 146, 89, 89, 82, 61, 468, 11, 48, 133, 65, 101, 97, 297, 96, 116, 68, 97, 47),
(189, 150, 185, 183, 180, 173, 86, 143, 141, 148, 288, 217, 78, 60, 141, 89, 167, 171, 170, 168, 59),
(190, 258, 336, 321, 525, 481, 387, 215, 484, 228, 540, 525, 417, 534, 250, 490, 323, 318, 526, 530, 384),
(191, 175, 216, 227, 142, 137, 216, 478, 441, 476, 224, 222, 431, 472, 161, 200, 202, 201, 52, 51, 56),
(192, 35, 28, 34, 1, 0, 0, 301, 518, 250, 21, 0, 0, 51, 17, 123, 11, 19, 0, 0, 0),
(193, 153, 204, 202, 421, 365, 312, 348, 450, 322, 441, 366, 333, 464, 246, 499, 301, 323, 480, 435, 327),
(194, 288, 380, 357, 501, 457, 454, 209, 197, 409, 495, 465, 452, 388, 260, 328, 369, 328, 477, 439, 377),
(195, 186, 222, 240, 84, 174, 167, 73, 171, 100, 195, 234, 154, 121, 169, 158, 212, 221, 139, 210, 177),
(196, 237, 312, 305, 387, 411, 378, 452, 485, 473, 407, 424, 466, 387, 273, 459, 345, 335, 374, 400, 370),
(197, 374, 438, 455, 258, 368, 354, 458, 326, 449, 498, 482, 367, 441, 339, 231, 399, 427, 226, 290, 217),
(198, 395, 467, 476, 428, 370, 391, 376, 256, 423, 429, 273, 298, 293, 397, 431, 481, 489, 497, 404, 373),
(199, 268, 338, 336, 375, 385, 361, 88, 60, 88, 197, 199, 110, 98, 321, 381, 368, 405, 443, 457, 396),
(200, 147, 180, 179, 226, 193, 295, 299, 334, 264, 222, 112, 275, 284, 198, 347, 229, 250, 241, 160, 262),
(201, 361, 433, 440, 372, 358, 406, 340, 136, 368, 331, 274, 340, 201, 355, 272, 421, 431, 396, 374, 409),
(202, 447, 514, 529, 507, 531, 535, 431, 409, 462, 494, 513, 485, 449, 421, 438, 490, 513, 454, 527, 487),
(203, 240, 318, 312, 482, 437, 464, 434, 469, 427, 385, 317, 321, 402, 332, 505, 395, 416, 491, 443, 424),
(204, 161, 203, 206, 321, 305, 287, 338, 241, 297, 246, 271, 234, 317, 218, 230, 254, 270, 296, 303, 246),
(205, 302, 374, 382, 286, 298, 292, 198, 1, 202, 247, 203, 148, 236, 310, 107, 367, 396, 390, 357, 293),
(206, 43, 39, 43, 178, 60, 119, 100, 339, 107, 123, 48, 123, 173, 26, 195, 27, 28, 104, 60, 79),
(207, 346, 415, 427, 183, 288, 339, 441, 147, 437, 180, 183, 267, 189, 341, 241, 404, 421, 138, 236, 266),
(208, 197, 272, 250, 437, 322, 327, 70, 180, 99, 376, 251, 150, 377, 204, 366, 289, 252, 471, 342, 273),
(209, 306, 370, 385, 127, 257, 249, 98, 2, 109, 120, 173, 115, 44, 300, 16, 354, 383, 267, 326, 251),
(210, 427, 491, 504, 420, 444, 475, 503, 387, 503, 426, 462, 494, 157, 395, 331, 464, 483, 355, 403, 406),
(211, 125, 140, 145, 162, 111, 69, 116, 151, 86, 214, 204, 91, 242, 136, 238, 153, 170, 213, 176, 129),
(212, 455, 521, 537, 444, 527, 533, 539, 384, 532, 350, 486, 360, 400, 443, 68, 500, 532, 143, 346, 357),
(213, 358, 430, 439, 358, 450, 383, 420, 430, 419, 531, 529, 504, 538, 316, 341, 374, 399, 195, 313, 267),
(214, 256, 325, 322, 405, 371, 375, 359, 451, 407, 431, 358, 409, 425, 285, 469, 361, 341, 444, 390, 384),
(215, 243, 313, 295, 445, 348, 348, 178, 289, 191, 415, 374, 366, 405, 251, 307, 313, 314, 470, 442, 366),
(216, 128, 162, 150, 361, 276, 247, 232, 410, 221, 463, 478, 437, 426, 133, 313, 161, 156, 367, 314, 276),
(217, 51, 50, 54, 106, 252, 39, 304, 465, 333, 386, 474, 248, 413, 59, 223, 72, 65, 124, 234, 33),
(218, 409, 476, 493, 405, 396, 444, 509, 284, 501, 390, 344, 423, 364, 430, 352, 485, 514, 384, 382, 392),
(219, 402, 470, 492, 348, 378, 388, 480, 331, 465, 335, 269, 251, 137, 441, 508, 494, 531, 448, 414, 363),
(220, 228, 283, 284, 259, 177, 183, 91, 8, 76, 211, 146, 88, 213, 234, 22, 292, 289, 310, 209, 166),
(221, 223, 295, 278, 371, 302, 307, 179, 22, 207, 303, 252, 152, 241, 219, 38, 297, 276, 337, 295, 212),
(222, 50, 51, 51, 248, 62, 113, 158, 303, 136, 156, 53, 127, 339, 50, 180, 54, 49, 130, 65, 78),
(223, 321, 387, 395, 374, 379, 375, 295, 179, 253, 309, 243, 163, 266, 337, 385, 388, 409, 474, 412, 332),
(224, 205, 248, 267, 57, 158, 177, 225, 160, 211, 91, 229, 177, 178, 227, 203, 280, 292, 113, 213, 230),
(225, 263, 322, 334, 197, 251, 314, 416, 127, 417, 162, 241, 318, 24, 282, 31, 342, 365, 146, 197, 263),
(226, 56, 58, 59, 205, 20, 53, 67, 167, 41, 33, 14, 28, 231, 60, 98, 63, 62, 92, 26, 49),
(227, 296, 364, 365, 334, 272, 283, 129, 21, 256, 395, 355, 279, 269, 274, 82, 358, 336, 416, 365, 311),
(228, 166, 207, 217, 191, 244, 128, 155, 251, 87, 297, 304, 168, 295, 185, 406, 210, 237, 399, 407, 281),
(229, 179, 254, 222, 484, 456, 393, 241, 254, 254, 443, 425, 380, 462, 229, 382, 317, 288, 494, 497, 416),
(230, 348, 427, 425, 456, 472, 499, 231, 75, 236, 258, 310, 354, 153, 338, 236, 412, 420, 438, 459, 477),
(231, 92, 93, 106, 20, 55, 5, 7, 161, 16, 202, 144, 6, 107, 78, 455, 101, 88, 129, 124, 10),
(232, 84, 83, 97, 11, 16, 22, 117, 425, 98, 22, 16, 10, 182, 88, 504, 89, 101, 24, 23, 24),
(233, 424, 490, 511, 328, 436, 428, 417, 286, 419, 268, 346, 256, 237, 415, 491, 475, 505, 340, 424, 351),
(234, 29, 26, 30, 28, 56, 87, 104, 138, 42, 76, 89, 210, 313, 28, 75, 22, 29, 58, 73, 139),
(235, 251, 306, 318, 164, 48, 111, 185, 395, 142, 150, 42, 223, 243, 233, 384, 277, 296, 142, 61, 162),
(236, 445, 512, 527, 474, 477, 510, 522, 198, 509, 360, 411, 424, 257, 452, 466, 506, 538, 452, 486, 480),
(237, 423, 485, 508, 239, 326, 365, 467, 239, 477, 388, 396, 419, 354, 410, 281, 473, 496, 285, 341, 322),
(238, 258, 323, 326, 315, 368, 305, 280, 496, 224, 358, 370, 227, 318, 251, 501, 305, 320, 302, 332, 175),
(239, 359, 427, 431, 400, 413, 450, 421, 148, 358, 351, 258, 352, 219, 379, 507, 426, 453, 422, 353, 433),
(240, 227, 277, 291, 144, 218, 279, 262, 66, 205, 122, 166, 259, 72, 213, 72, 241, 272, 111, 182, 219),
(241, 157, 182, 198, 6, 31, 42, 2, 74, 0, 9, 35, 16, 16, 131, 110, 134, 162, 37, 62, 43),
(242, 90, 120, 101, 413, 435, 215, 150, 424, 276, 507, 511, 329, 521, 98, 334, 174, 104, 485, 524, 288),
(243, 236, 294, 306, 157, 217, 164, 375, 248, 341, 339, 337, 225, 259, 221, 288, 276, 288, 131, 155, 97),
(244, 399, 474, 478, 452, 484, 455, 418, 447, 432, 400, 376, 391, 355, 372, 393, 435, 455, 362, 371, 352),
(245, 57, 59, 64, 111, 225, 240, 320, 504, 298, 152, 179, 271, 314, 59, 373, 65, 64, 73, 134, 124),
(246, 202, 243, 261, 42, 203, 41, 28, 418, 4, 193, 314, 42, 136, 172, 329, 190, 222, 141, 267, 61),
(247, 184, 251, 234, 419, 409, 291, 79, 9, 279, 503, 509, 351, 510, 194, 49, 316, 251, 504, 526, 350),
(248, 62, 65, 69, 179, 93, 84, 161, 393, 102, 74, 75, 66, 197, 83, 471, 84, 90, 125, 128, 99),
(249, 106, 118, 120, 210, 201, 227, 177, 237, 147, 118, 216, 224, 223, 101, 134, 105, 118, 156, 216, 228),
(250, 433, 499, 516, 461, 516, 519, 518, 131, 499, 447, 517, 449, 440, 427, 309, 478, 515, 381, 516, 440),
(251, 104, 107, 122, 113, 109, 132, 337, 144, 329, 80, 91, 188, 23, 114, 171, 127, 129, 77, 85, 117),
(252, 407, 481, 488, 490, 508, 481, 488, 112, 438, 493, 493, 460, 505, 422, 263, 466, 508, 508, 531, 473),
(253, 356, 426, 432, 316, 394, 429, 244, 149, 242, 180, 236, 307, 156, 343, 243, 407, 423, 300, 362, 400),
(254, 401, 465, 482, 370, 410, 437, 445, 55, 421, 228, 279, 309, 183, 429, 227, 476, 512, 378, 432, 422),
(255, 248, 317, 316, 391, 344, 330, 366, 126, 305, 343, 320, 338, 208, 273, 162, 329, 345, 387, 349, 310),
(256, 403, 487, 489, 506, 463, 504, 501, 292, 506, 484, 371, 383, 451, 420, 481, 492, 507, 493, 429, 410),
(257, 309, 391, 381, 520, 510, 511, 464, 249, 433, 475, 443, 468, 520, 309, 174, 372, 381, 476, 436, 454),
(258, 317, 419, 398, 535, 525, 521, 534, 499, 529, 510, 510, 500, 482, 343, 416, 434, 425, 490, 496, 470),
(259, 315, 394, 391, 462, 461, 430, 149, 317, 186, 329, 293, 228, 288, 322, 510, 389, 404, 496, 481, 425),
(260, 419, 486, 503, 331, 428, 467, 342, 236, 311, 194, 217, 143, 84, 414, 498, 474, 503, 357, 396, 372),
(261, 357, 420, 437, 131, 123, 213, 343, 330, 309, 92, 92, 129, 35, 343, 410, 394, 422, 138, 138, 177),
(262, 355, 429, 438, 389, 341, 407, 499, 422, 497, 509, 419, 470, 471, 354, 317, 418, 438, 351, 267, 343),
(263, 316, 377, 394, 92, 197, 214, 125, 216, 113, 54, 99, 35, 14, 314, 417, 363, 395, 199, 263, 198),
(264, 352, 422, 433, 268, 328, 379, 357, 93, 340, 116, 205, 216, 34, 371, 370, 424, 458, 323, 406, 419),
(265, 431, 494, 521, 356, 408, 440, 528, 419, 516, 172, 219, 197, 146, 453, 509, 510, 542, 330, 369, 367),
(266, 61, 74, 68, 359, 270, 189, 385, 290, 399, 425, 336, 347, 280, 69, 183, 88, 73, 314, 232, 159),
(267, 224, 273, 277, 234, 189, 141, 283, 463, 313, 311, 315, 219, 253, 210, 380, 271, 262, 184, 173, 100),
(268, 182, 219, 234, 125, 179, 84, 135, 304, 117, 283, 256, 72, 123, 171, 204, 203, 218, 200, 243, 86),
(269, 64, 75, 67, 395, 316, 217, 260, 390, 250, 485, 496, 429, 512, 66, 247, 78, 68, 321, 289, 200),
(270, 262, 309, 329, 3, 23, 20, 9, 87, 2, 2, 22, 14, 18, 215, 118, 244, 274, 6, 36, 30),
(271, 89, 99, 99, 196, 142, 201, 64, 25, 31, 95, 97, 173, 230, 85, 20, 87, 91, 140, 147, 206),
(272, 441, 509, 524, 499, 496, 498, 527, 342, 524, 492, 485, 393, 414, 444, 344, 502, 528, 481, 485, 397),
(273, 38, 33, 38, 46, 35, 72, 195, 362, 161, 81, 51, 204, 384, 34, 125, 31, 35, 56, 39, 68),
(274, 368, 434, 451, 166, 250, 315, 361, 368, 336, 103, 142, 158, 216, 362, 468, 414, 445, 198, 248, 275),
(275, 128, 147, 154, 175, 259, 403, 459, 495, 431, 176, 94, 454, 252, 90, 71, 95, 103, 43, 72, 208),
(276, 93, 94, 109, 22, 5, 7, 142, 318, 122, 53, 6, 8, 41, 82, 71, 81, 93, 31, 3, 4),
(277, 386, 449, 468, 103, 308, 357, 269, 135, 275, 94, 262, 373, 49, 345, 218, 398, 430, 93, 257, 298),
(278, 224, 266, 288, 27, 73, 54, 184, 280, 146, 10, 71, 29, 6, 241, 278, 282, 304, 34, 120, 69),
(279, 242, 300, 303, 202, 208, 277, 160, 177, 174, 185, 121, 238, 38, 219, 148, 278, 264, 182, 174, 242),
(280, 393, 463, 474, 433, 473, 477, 457, 217, 450, 317, 381, 322, 301, 402, 479, 466, 492, 428, 482, 404),
(281, 120, 124, 143, 36, 83, 203, 433, 316, 416, 164, 128, 446, 104, 137, 61, 146, 159, 44, 67, 182),
(282, 399, 466, 475, 431, 442, 472, 394, 214, 349, 286, 312, 380, 94, 404, 353, 454, 478, 424, 431, 457),
(283, 332, 412, 408, 485, 476, 460, 220, 176, 288, 419, 372, 296, 367, 324, 243, 391, 402, 480, 460, 378),
(284, 184, 241, 241, 285, 371, 266, 224, 356, 272, 452, 505, 436, 325, 171, 94, 228, 216, 287, 358, 247),
(285, 165, 195, 209, 31, 9, 3, 200, 341, 154, 32, 10, 4, 105, 146, 190, 155, 189, 21, 5, 1),
(286, 131, 168, 158, 300, 273, 286, 203, 357, 381, 496, 404, 411, 516, 132, 321, 230, 169, 348, 273, 279),
(287, 184, 213, 239, 15, 85, 51, 21, 11, 25, 140, 146, 57, 111, 153, 8, 179, 200, 90, 135, 72),
(288, 86, 115, 105, 368, 333, 345, 402, 458, 345, 529, 508, 503, 494, 67, 166, 87, 80, 205, 184, 222),
(289, 96, 98, 107, 58, 96, 145, 193, 474, 194, 155, 109, 221, 244, 88, 279, 94, 94, 62, 77, 101),
(290, 265, 351, 342, 472, 407, 384, 504, 443, 451, 539, 520, 495, 543, 252, 163, 301, 322, 309, 259, 249),
(291, 293, 360, 369, 295, 260, 319, 221, 190, 239, 276, 131, 291, 229, 266, 282, 334, 340, 366, 216, 333),
(292, 188, 233, 235, 219, 266, 264, 89, 103, 45, 256, 238, 270, 422, 160, 101, 195, 208, 248, 260, 258),
(293, 126, 141, 151, 93, 114, 155, 85, 308, 46, 179, 114, 159, 70, 119, 268, 140, 141, 187, 151, 215),
(294, 172, 211, 212, 240, 41, 116, 48, 82, 62, 109, 36, 136, 19, 146, 45, 193, 183, 134, 52, 108),
(295, 237, 286, 298, 126, 33, 114, 107, 83, 95, 35, 21, 94, 74, 206, 34, 242, 261, 81, 35, 88),
(296, 71, 73, 77, 49, 39, 66, 41, 233, 52, 117, 73, 201, 298, 57, 5, 58, 60, 33, 28, 26),
(297, 122, 132, 147, 107, 113, 272, 461, 483, 441, 71, 95, 365, 218, 142, 197, 151, 182, 38, 57, 137),
(298, 260, 315, 331, 68, 97, 68, 126, 72, 141, 147, 74, 37, 91, 264, 250, 319, 344, 264, 189, 149),
(299, 59, 61, 61, 156, 99, 107, 218, 272, 261, 165, 178, 305, 96, 41, 216, 42, 41, 45, 41, 25),
(300, 402, 475, 491, 463, 497, 496, 526, 279, 508, 393, 468, 426, 429, 432, 285, 486, 519, 450, 494, 417),
(301, 160, 197, 195, 302, 282, 244, 311, 238, 310, 410, 426, 359, 419, 145, 189, 187, 178, 262, 231, 150),
(302, 412, 491, 496, 489, 503, 517, 523, 439, 517, 481, 499, 457, 476, 400, 372, 465, 490, 393, 455, 407),
(303, 58, 62, 62, 147, 86, 98, 17, 410, 12, 62, 165, 189, 279, 45, 225, 43, 48, 76, 89, 116),
(304, 101, 112, 116, 203, 147, 77, 268, 249, 291, 337, 227, 131, 297, 102, 146, 121, 117, 193, 141, 74),
(305, 109, 123, 133, 94, 69, 60, 165, 445, 198, 307, 137, 103, 130, 92, 415, 109, 111, 118, 76, 59),
(306, 202, 240, 256, 73, 4, 6, 63, 36, 40, 28, 4, 2, 192, 196, 112, 226, 249, 114, 10, 15),
(307, 16, 13, 17, 4, 13, 8, 40, 326, 29, 7, 18, 11, 122, 13, 103, 9, 13, 9, 14, 5),
(308, 219, 259, 282, 12, 11, 10, 119, 80, 104, 3, 11, 7, 33, 218, 35, 251, 283, 13, 13, 11),
(309, 195, 228, 252, 16, 15, 33, 341, 137, 307, 6, 15, 25, 141, 208, 43, 240, 266, 14, 16, 32),
(310, 118, 125, 134, 74, 53, 48, 27, 367, 24, 55, 67, 128, 46, 99, 300, 106, 113, 82, 81, 84),
(311, 277, 324, 352, 9, 47, 108, 255, 174, 194, 16, 25, 71, 0, 277, 149, 310, 355, 27, 46, 89),
(312, 174, 218, 223, 220, 184, 182, 265, 65, 271, 349, 322, 247, 390, 184, 25, 227, 231, 270, 211, 190),
(313, 107, 116, 126, 110, 43, 34, 10, 0, 23, 139, 63, 23, 89, 87, 2, 107, 99, 161, 88, 53),
(314, 7, 6, 6, 101, 0, 0, 281, 508, 247, 157, 0, 0, 498, 2, 170, 2, 2, 36, 0, 0),
(315, 162, 191, 205, 21, 14, 21, 36, 86, 15, 1, 13, 9, 13, 140, 95, 143, 165, 5, 18, 20),
(316, 142, 161, 180, 5, 36, 11, 93, 42, 83, 14, 79, 30, 1, 111, 26, 111, 133, 10, 40, 8),
(317, 375, 443, 456, 344, 376, 417, 347, 31, 300, 205, 245, 276, 170, 373, 239, 425, 462, 341, 402, 386),
(318, 18, 24, 15, 500, 479, 322, 390, 462, 420, 517, 521, 487, 515, 20, 198, 32, 15, 423, 440, 277),
(319, 158, 181, 201, 8, 42, 90, 325, 489, 293, 82, 62, 265, 245, 113, 106, 112, 138, 4, 22, 22),
(320, 52, 57, 57, 341, 279, 290, 315, 380, 130, 467, 383, 388, 511, 55, 117, 51, 59, 293, 229, 232),
(321, 414, 482, 502, 252, 381, 409, 444, 79, 426, 146, 266, 304, 37, 390, 187, 447, 484, 147, 298, 320),
(322, 181, 229, 224, 262, 171, 267, 114, 240, 134, 260, 181, 227, 261, 174, 131, 233, 219, 272, 214, 279),
(323, 420, 495, 500, 493, 515, 530, 437, 230, 430, 315, 325, 350, 286, 423, 424, 486, 509, 475, 471, 484),
(324, 144, 171, 175, 140, 72, 88, 182, 124, 197, 159, 68, 33, 109, 161, 137, 215, 207, 220, 132, 76),
(325, 169, 205, 210, 201, 139, 140, 90, 192, 123, 64, 101, 82, 70, 158, 132, 194, 197, 97, 112, 81),
(326, 255, 307, 324, 78, 61, 197, 180, 261, 119, 98, 28, 87, 174, 243, 55, 279, 312, 86, 54, 92),
(327, 135, 144, 165, 23, 6, 16, 132, 172, 91, 23, 5, 18, 64, 120, 165, 122, 148, 32, 7, 21),
(328, 335, 405, 412, 412, 423, 433, 377, 307, 386, 272, 328, 357, 226, 334, 388, 403, 412, 358, 381, 356),
(329, 334, 408, 416, 393, 465, 420, 438, 374, 354, 439, 475, 290, 488, 309, 247, 354, 391, 256, 358, 253),
(330, 325, 401, 403, 424, 390, 398, 282, 97, 319, 398, 362, 371, 264, 325, 157, 383, 407, 473, 456, 418),
(331, 190, 247, 236, 346, 291, 231, 195, 33, 289, 401, 405, 214, 408, 197, 155, 286, 248, 386, 368, 238),
(332, 84, 97, 98, 155, 17, 25, 233, 473, 197, 91, 17, 27, 93, 74, 269, 80, 77, 61, 12, 9),
(333, 85, 90, 102, 39, 2, 4, 103, 215, 112, 25, 3, 5, 106, 103, 161, 116, 119, 64, 4, 7),
(334, 150, 169, 185, 30, 25, 32, 56, 403, 39, 41, 38, 85, 132, 141, 350, 144, 166, 53, 34, 40),
(335, 349, 423, 430, 320, 427, 484, 493, 486, 496, 227, 412, 428, 331, 364, 444, 431, 451, 246, 409, 394),
(336, 191, 241, 237, 298, 169, 138, 50, 57, 5, 300, 318, 112, 465, 159, 32, 178, 199, 228, 172, 90),
(337, 385, 456, 466, 426, 361, 366, 460, 402, 452, 446, 375, 441, 397, 416, 464, 470, 506, 484, 441, 430),
(338, 46, 46, 48, 185, 100, 95, 188, 477, 164, 167, 149, 140, 221, 49, 305, 55, 55, 126, 119, 114),
(339, 448, 513, 531, 393, 504, 524, 520, 185, 500, 254, 354, 325, 263, 449, 395, 504, 537, 335, 451, 436),
(340, 266, 331, 334, 354, 306, 297, 297, 107, 327, 378, 369, 302, 290, 280, 142, 344, 362, 392, 391, 315),
(341, 30, 34, 31, 275, 315, 156, 57, 188, 80, 416, 444, 157, 363, 34, 189, 50, 34, 395, 433, 168),
(342, 77, 91, 86, 271, 243, 262, 27, 132, 69, 238, 281, 226, 240, 70, 100, 100, 82, 271, 268, 261),
(343, 405, 477, 486, 418, 470, 501, 453, 494, 479, 409, 403, 438, 277, 385, 467, 463, 467, 400, 447, 458),
(344, 119, 133, 136, 182, 183, 253, 293, 95, 273, 88, 145, 266, 260, 119, 57, 139, 139, 87, 123, 154),
(345, 53, 56, 56, 272, 159, 129, 283, 502, 280, 479, 259, 323, 496, 39, 84, 45, 36, 165, 74, 44),
(346, 138, 153, 164, 99, 24, 30, 151, 275, 120, 87, 30, 45, 217, 155, 312, 164, 188, 116, 44, 66),
(347, 284, 343, 356, 207, 214, 273, 291, 4, 299, 181, 176, 246, 222, 296, 54, 358, 367, 236, 255, 292),
(348, 102, 104, 114, 104, 106, 161, 35, 101, 18, 44, 59, 70, 253, 96, 122, 98, 108, 88, 109, 118),
(349, 132, 160, 142, 375, 37, 101, 308, 246, 287, 312, 46, 243, 262, 107, 50, 126, 122, 215, 30, 55),
(350, 114, 114, 138, 13, 26, 50, 299, 73, 249, 24, 31, 69, 203, 134, 96, 130, 161, 18, 29, 46),
(351, 321, 407, 394, 523, 520, 511, 415, 333, 403, 516, 519, 477, 506, 299, 215, 371, 377, 488, 512, 446),
(352, 452, 518, 535, 522, 529, 540, 516, 145, 507, 466, 397, 382, 291, 455, 202, 512, 541, 506, 502, 488),
(353, 300, 369, 382, 294, 393, 380, 463, 396, 443, 315, 438, 430, 434, 323, 447, 375, 406, 292, 419, 342),
(354, 80, 87, 92, 119, 209, 74, 363, 125, 392, 413, 413, 375, 432, 80, 15, 97, 89, 108, 136, 38),
(355, 164, 214, 208, 314, 357, 304, 307, 385, 382, 464, 484, 459, 378, 143, 169, 201, 172, 233, 274, 220),
(356, 195, 252, 233, 403, 339, 349, 246, 399, 312, 450, 449, 451, 466, 184, 235, 243, 213, 332, 294, 294),
(357, 244, 293, 308, 88, 50, 136, 174, 347, 158, 29, 23, 60, 113, 226, 262, 263, 281, 69, 53, 76),
(358, 13, 14, 13, 204, 220, 168, 423, 293, 446, 364, 327, 381, 376, 18, 49, 19, 18, 105, 107, 54),
(359, 26, 22, 29, 109, 115, 71, 408, 311, 385, 51, 240, 86, 210, 76, 240, 73, 81, 77, 129, 64),
(360, 163, 192, 211, 2, 3, 14, 298, 193, 268, 5, 2, 15, 4, 159, 128, 170, 209, 2, 2, 6),
(361, 207, 253, 265, 134, 147, 174, 189, 405, 208, 264, 160, 76, 90, 185, 367, 235, 232, 173, 139, 82),
(362, 174, 212, 218, 221, 114, 99, 115, 321, 114, 201, 129, 222, 118, 161, 274, 184, 202, 204, 145, 185),
(363, 339, 404, 418, 244, 256, 320, 285, 370, 270, 229, 170, 233, 103, 318, 256, 366, 398, 176, 199, 213),
(364, 211, 257, 270, 95, 81, 75, 25, 46, 13, 124, 118, 44, 110, 208, 147, 238, 263, 174, 157, 134),
(365, 421, 489, 505, 349, 345, 413, 439, 175, 445, 245, 242, 372, 86, 413, 290, 471, 498, 295, 308, 382),
(366, 416, 488, 494, 471, 445, 515, 512, 457, 505, 480, 476, 488, 385, 409, 456, 467, 487, 395, 388, 448),
(367, 145, 178, 176, 173, 205, 126, 169, 111, 180, 153, 199, 108, 92, 189, 212, 239, 239, 265, 277, 207),
(368, 440, 501, 526, 251, 382, 431, 530, 247, 515, 93, 213, 294, 75, 450, 296, 503, 539, 162, 317, 392),
(369, 442, 508, 523, 498, 510, 529, 519, 84, 513, 355, 353, 375, 340, 440, 270, 501, 525, 433, 448, 469),
(370, 337, 413, 419, 441, 466, 447, 372, 229, 355, 449, 481, 414, 368, 335, 404, 401, 418, 478, 519, 456),
(371, 304, 366, 379, 163, 151, 195, 46, 6, 61, 174, 132, 186, 65, 262, 13, 314, 343, 185, 156, 170),
(372, 437, 502, 518, 443, 474, 513, 287, 328, 283, 341, 342, 339, 389, 384, 153, 452, 465, 350, 418, 413),
(373, 430, 492, 514, 329, 432, 457, 451, 63, 439, 242, 270, 300, 57, 424, 192, 482, 510, 368, 425, 441),
(374, 231, 282, 296, 135, 103, 127, 34, 24, 72, 195, 88, 73, 125, 212, 106, 284, 265, 252, 153, 134),
(375, 331, 403, 402, 430, 277, 340, 39, 17, 67, 230, 186, 293, 325, 287, 74, 350, 360, 321, 253, 292),
(376, 60, 76, 65, 467, 502, 359, 0, 306, 275, 528, 530, 499, 536, 38, 179, 78, 33, 414, 492, 328),
(377, 215, 262, 279, 50, 40, 46, 32, 274, 79, 113, 43, 36, 50, 207, 476, 264, 271, 132, 82, 87),
(378, 229, 289, 297, 193, 198, 178, 12, 29, 20, 371, 246, 151, 435, 203, 91, 275, 259, 373, 293, 257),
(379, 78, 108, 76, 512, 453, 373, 94, 233, 153, 473, 416, 335, 396, 132, 440, 222, 128, 527, 529, 475),
(380, 87, 106, 96, 341, 303, 343, 177, 209, 169, 221, 215, 283, 329, 110, 115, 147, 109, 303, 261, 301),
(381, 76, 82, 84, 169, 157, 134, 30, 235, 54, 244, 154, 102, 87, 79, 123, 99, 86, 231, 186, 125),
(382, 137, 183, 167, 327, 304, 233, 5, 369, 164, 474, 400, 418, 507, 97, 355, 177, 115, 383, 321, 264),
(383, 155, 200, 182, 399, 257, 222, 187, 152, 230, 430, 431, 242, 501, 183, 191, 249, 220, 412, 347, 235),
(384, 206, 260, 262, 254, 230, 216, 54, 26, 128, 270, 289, 156, 196, 187, 42, 260, 236, 336, 318, 216),
(385, 276, 330, 351, 145, 314, 334, 354, 421, 350, 216, 339, 397, 235, 253, 420, 303, 315, 155, 304, 308),
(386, 145, 184, 181, 211, 283, 180, 194, 139, 222, 373, 402, 254, 415, 125, 81, 182, 155, 304, 333, 215),
(387, 245, 290, 311, 53, 75, 31, 172, 48, 151, 158, 193, 104, 95, 242, 102, 290, 309, 101, 125, 50),
(388, 87, 110, 104, 343, 352, 202, 270, 252, 308, 519, 516, 464, 537, 77, 70, 99, 87, 346, 329, 179),
(389, 403, 473, 483, 411, 468, 490, 450, 509, 484, 460, 498, 502, 491, 360, 391, 428, 443, 301, 401, 393),
(390, 53, 54, 56, 192, 66, 122, 65, 30, 66, 142, 52, 101, 158, 58, 10, 62, 61, 170, 93, 123),
(391, 12, 11, 12, 187, 0, 0, 412, 481, 376, 253, 0, 0, 495, 21, 177, 16, 22, 112, 0, 0),
(392, 313, 385, 390, 454, 471, 462, 462, 335, 463, 366, 442, 412, 381, 366, 371, 429, 450, 437, 478, 444),
(393, 439, 507, 520, 508, 518, 532, 454, 179, 442, 435, 427, 319, 362, 435, 356, 487, 521, 501, 518, 467),
(394, 140, 173, 166, 293, 222, 260, 213, 426, 179, 199, 174, 122, 73, 147, 270, 191, 186, 190, 190, 104),
(395, 254, 303, 320, 83, 112, 254, 19, 433, 48, 130, 81, 186, 22, 216, 252, 258, 273, 99, 91, 158),
(396, 220, 287, 275, 359, 318, 338, 99, 336, 105, 251, 330, 348, 172, 210, 315, 267, 268, 324, 367, 325),
(397, 177, 232, 230, 265, 295, 293, 310, 315, 326, 417, 415, 354, 365, 160, 130, 211, 212, 201, 230, 183),
(398, 77, 78, 87, 52, 116, 24, 60, 81, 51, 171, 182, 21, 312, 102, 109, 104, 123, 212, 247, 76),
(399, 123, 136, 148, 128, 120, 85, 292, 270, 249, 252, 209, 43, 258, 144, 224, 157, 187, 183, 171, 71),
(400, 367, 460, 450, 527, 526, 508, 344, 110, 371, 434, 483, 242, 445, 359, 328, 445, 442, 505, 533, 412),
(401, 130, 146, 161, 72, 108, 102, 167, 242, 138, 114, 109, 55, 80, 164, 104, 181, 211, 154, 180, 128),
(402, 189, 244, 247, 218, 186, 110, 137, 324, 281, 432, 345, 245, 326, 180, 228, 257, 233, 288, 191, 121),
(403, 187, 234, 228, 263, 143, 170, 15, 168, 10, 132, 140, 111, 97, 167, 186, 205, 204, 225, 217, 188),
(404, 153, 177, 193, 43, 79, 130, 328, 170, 316, 42, 98, 231, 20, 129, 30, 138, 158, 22, 49, 58),
(405, 72, 79, 81, 188, 228, 228, 327, 439, 361, 278, 194, 279, 209, 90, 262, 123, 103, 167, 167, 156),
(406, 329, 397, 406, 247, 247, 310, 145, 56, 156, 121, 169, 169, 40, 308, 88, 363, 386, 181, 270, 274),
(407, 180, 225, 238, 236, 264, 106, 405, 446, 302, 471, 450, 337, 514, 195, 310, 221, 254, 221, 219, 80),
(408, 370, 440, 448, 403, 389, 452, 386, 154, 366, 350, 250, 377, 282, 365, 254, 419, 449, 422, 355, 415),
(409, 149, 179, 188, 139, 140, 194, 276, 444, 220, 302, 206, 249, 138, 178, 359, 200, 227, 196, 160, 226),
(410, 95, 101, 111, 79, 118, 139, 68, 408, 71, 69, 85, 56, 45, 118, 482, 148, 144, 160, 218, 203),
(411, 76, 85, 85, 209, 134, 179, 74, 355, 63, 61, 69, 119, 127, 91, 296, 102, 102, 137, 122, 146),
(412, 23, 21, 23, 117, 168, 12, 4, 283, 35, 340, 364, 32, 409, 16, 336, 25, 17, 216, 223, 16),
(413, 295, 365, 373, 309, 285, 288, 257, 337, 265, 353, 331, 293, 360, 281, 412, 340, 363, 391, 336, 299),
(414, 303, 357, 384, 44, 216, 199, 392, 421, 364, 161, 249, 182, 62, 295, 485, 339, 382, 65, 185, 120),
(415, 128, 151, 153, 227, 102, 146, 205, 295, 190, 378, 143, 196, 140, 118, 316, 150, 147, 268, 131, 178),
(416, 24, 20, 25, 123, 76, 56, 369, 510, 335, 209, 108, 167, 411, 38, 405, 33, 39, 94, 58, 36),
(417, 314, 390, 407, 455, 429, 432, 536, 300, 525, 445, 410, 469, 468, 393, 325, 462, 495, 441, 427, 445),
(418, 171, 201, 216, 99, 90, 171, 121, 59, 110, 128, 55, 145, 394, 156, 33, 186, 192, 157, 104, 176),
(419, 82, 86, 89, 112, 28, 40, 217, 431, 199, 63, 37, 63, 108, 88, 360, 93, 93, 85, 33, 47),
(420, 108, 122, 127, 205, 246, 73, 216, 371, 245, 265, 409, 171, 285, 120, 308, 163, 143, 222, 292, 122),
(421, 281, 371, 344, 488, 417, 372, 427, 400, 468, 497, 456, 398, 457, 277, 64, 357, 338, 417, 352, 269),
(422, 110, 138, 123, 366, 290, 309, 157, 91, 142, 257, 264, 327, 99, 100, 92, 114, 107, 265, 269, 268),
(423, 229, 301, 291, 359, 340, 318, 119, 164, 166, 354, 356, 314, 356, 227, 260, 299, 292, 379, 385, 314),
(424, 38, 36, 37, 237, 27, 121, 470, 440, 460, 240, 32, 243, 380, 51, 192, 53, 54, 116, 20, 51),
(425, 45, 41, 47, 24, 10, 13, 58, 338, 37, 13, 12, 12, 165, 46, 361, 41, 50, 28, 11, 17),
(426, 57, 64, 60, 301, 269, 148, 267, 267, 306, 444, 455, 308, 431, 81, 143, 110, 83, 364, 325, 221),
(427, 66, 71, 74, 97, 162, 70, 243, 420, 252, 280, 301, 240, 207, 103, 430, 132, 116, 177, 235, 148),
(428, 79, 81, 90, 21, 44, 67, 14, 201, 6, 19, 58, 64, 160, 65, 108, 69, 72, 16, 45, 42),
(429, 172, 202, 220, 41, 45, 103, 229, 158, 226, 106, 26, 49, 7, 165, 127, 198, 210, 60, 31, 34),
(430, 290, 384, 366, 515, 517, 480, 170, 157, 401, 514, 504, 474, 467, 271, 324, 387, 354, 518, 532, 471),
(431, 156, 209, 191, 409, 300, 209, 43, 375, 244, 404, 435, 284, 481, 112, 182, 204, 137, 329, 276, 143),
(432, 415, 489, 497, 439, 491, 514, 373, 217, 359, 345, 464, 454, 359, 375, 242, 439, 461, 356, 469, 450),
(433, 387, 459, 470, 425, 441, 445, 494, 470, 454, 458, 458, 443, 403, 383, 402, 436, 474, 401, 408, 373),
(434, 288, 344, 358, 168, 148, 221, 237, 71, 133, 207, 122, 149, 124, 268, 116, 304, 325, 150, 140, 164),
(435, 249, 314, 314, 350, 373, 376, 113, 194, 131, 225, 223, 208, 233, 290, 397, 356, 364, 409, 421, 394),
(436, 182, 226, 232, 216, 63, 137, 314, 106, 315, 141, 39, 84, 161, 199, 221, 248, 240, 171, 71, 109),
(437, 252, 305, 323, 105, 156, 230, 332, 243, 323, 134, 139, 176, 232, 247, 144, 298, 313, 106, 127, 147),
(438, 242, 297, 307, 133, 42, 157, 289, 431, 269, 86, 29, 106, 150, 245, 338, 296, 311, 89, 47, 92),
(439, 250, 302, 319, 90, 78, 193, 101, 62, 132, 59, 57, 250, 115, 215, 82, 259, 279, 71, 63, 174),
(440, 75, 92, 83, 342, 338, 275, 181, 351, 339, 476, 487, 435, 438, 88, 306, 208, 110, 446, 449, 348),
(441, 354, 424, 434, 339, 390, 353, 409, 432, 389, 468, 439, 427, 332, 353, 474, 409, 436, 451, 462, 379),
(442, 238, 290, 302, 152, 32, 37, 303, 15, 251, 101, 45, 50, 186, 230, 46, 274, 290, 80, 32, 29),
(443, 60, 60, 66, 40, 71, 43, 52, 503, 53, 138, 195, 263, 401, 42, 196, 37, 44, 20, 38, 12),
(444, 372, 439, 447, 382, 366, 371, 235, 40, 188, 188, 300, 212, 169, 353, 159, 411, 437, 334, 430, 345),
(445, 133, 165, 159, 274, 245, 299, 190, 296, 178, 262, 237, 416, 324, 115, 386, 143, 134, 202, 192, 285),
(446, 365, 437, 444, 408, 458, 427, 333, 258, 344, 259, 360, 262, 185, 369, 496, 437, 459, 425, 501, 414),
(447, 286, 350, 360, 264, 188, 152, 112, 49, 96, 104, 156, 100, 96, 275, 175, 320, 349, 214, 246, 184),
(448, 272, 333, 349, 208, 324, 226, 171, 344, 204, 266, 338, 172, 151, 267, 348, 329, 350, 331, 393, 227),
(449, 435, 498, 517, 367, 439, 506, 466, 346, 456, 271, 323, 374, 128, 428, 432, 483, 517, 372, 434, 461),
(450, 127, 155, 149, 322, 323, 169, 176, 407, 195, 512, 492, 389, 522, 106, 344, 129, 127, 394, 351, 206),
(451, 404, 468, 484, 296, 446, 461, 391, 350, 351, 248, 437, 380, 76, 368, 403, 422, 456, 206, 413, 329),
(452, 134, 154, 160, 137, 185, 118, 66, 436, 106, 333, 296, 187, 386, 121, 492, 148, 149, 209, 218, 136),
(453, 272, 329, 337, 276, 287, 377, 240, 88, 234, 125, 141, 273, 315, 254, 34, 308, 312, 136, 159, 259),
(454, 166, 199, 213, 86, 128, 153, 33, 70, 26, 43, 93, 99, 43, 190, 164, 220, 246, 144, 226, 237),
(455, 210, 267, 274, 186, 119, 256, 286, 466, 260, 121, 47, 184, 250, 223, 503, 262, 287, 128, 69, 152),
(456, 112, 131, 131, 253, 293, 125, 251, 498, 235, 313, 398, 191, 117, 124, 497, 158, 153, 239, 324, 126),
(457, 203, 242, 257, 67, 117, 131, 87, 341, 58, 34, 127, 80, 79, 191, 461, 216, 245, 78, 163, 94),
(458, 192, 224, 245, 62, 38, 93, 189, 307, 139, 50, 27, 74, 26, 190, 425, 214, 241, 83, 43, 93),
(459, 39, 35, 40, 45, 51, 38, 45, 434, 49, 129, 117, 61, 139, 33, 486, 30, 32, 86, 75, 60),
(460, 350, 421, 436, 340, 352, 374, 507, 275, 495, 290, 276, 370, 395, 389, 465, 452, 481, 306, 300, 348),
(461, 454, 520, 538, 502, 532, 536, 538, 327, 531, 500, 506, 490, 404, 456, 407, 513, 543, 465, 510, 481),
(462, 264, 319, 340, 69, 153, 92, 128, 173, 155, 210, 188, 75, 84, 236, 427, 295, 303, 133, 177, 77),
(463, 109, 119, 130, 102, 149, 96, 51, 105, 57, 212, 210, 120, 220, 104, 211, 120, 120, 200, 222, 181),
(464, 201, 245, 256, 114, 226, 218, 78, 77, 47, 178, 134, 155, 48, 214, 209, 247, 277, 227, 224, 252),
(465, 204, 270, 263, 378, 354, 212, 211, 128, 394, 518, 500, 349, 518, 237, 260, 361, 302, 500, 504, 307),
(466, 198, 263, 255, 332, 365, 271, 254, 119, 266, 392, 418, 306, 274, 210, 257, 296, 280, 407, 438, 282),
(467, 32, 30, 33, 85, 49, 18, 288, 329, 255, 126, 66, 17, 249, 48, 229, 48, 52, 107, 64, 15),
(468, 363, 444, 443, 503, 493, 486, 506, 377, 492, 522, 491, 481, 532, 370, 358, 433, 459, 482, 464, 421),
(469, 111, 150, 124, 437, 355, 344, 353, 438, 363, 394, 441, 444, 450, 142, 253, 188, 154, 352, 344, 316),
(470, 31, 32, 36, 129, 125, 80, 323, 341, 308, 255, 275, 217, 352, 47, 264, 44, 57, 148, 148, 119),
(471, 136, 157, 170, 115, 92, 167, 449, 506, 436, 186, 123, 287, 347, 151, 448, 176, 193, 63, 56, 75),
(472, 291, 356, 368, 250, 249, 251, 154, 7, 173, 220, 232, 153, 162, 294, 59, 347, 373, 344, 338, 278),
(473, 149, 163, 187, 7, 0, 0, 382, 516, 347, 37, 0, 0, 267, 144, 493, 149, 185, 8, 0, 0),
(474, 69, 80, 73, 324, 231, 83, 16, 27, 56, 384, 280, 89, 420, 72, 83, 103, 74, 434, 361, 163),
(475, 179, 231, 226, 235, 254, 241, 18, 16, 38, 226, 332, 152, 144, 177, 83, 236, 224, 328, 372, 234),
(476, 257, 321, 325, 338, 229, 238, 296, 227, 334, 403, 287, 342, 214, 276, 318, 348, 348, 397, 288, 305),
(477, 246, 299, 313, 80, 82, 63, 22, 37, 77, 136, 61, 26, 114, 227, 151, 298, 297, 235, 162, 102),
(478, 103, 121, 119, 233, 239, 123, 81, 280, 124, 275, 390, 139, 321, 90, 154, 115, 98, 237, 296, 146),
(479, 333, 416, 413, 495, 499, 466, 253, 208, 367, 502, 507, 473, 493, 301, 188, 377, 384, 472, 489, 385),
(480, 141, 177, 173, 212, 124, 81, 108, 287, 145, 208, 111, 34, 81, 140, 332, 196, 172, 281, 194, 83),
(481, 246, 298, 317, 81, 131, 133, 272, 186, 213, 83, 130, 68, 131, 274, 294, 313, 350, 127, 200, 169),
(482, 216, 276, 266, 362, 253, 333, 26, 35, 21, 168, 102, 170, 224, 211, 62, 246, 260, 311, 220, 304),
(483, 232, 281, 286, 222, 211, 250, 152, 189, 121, 36, 151, 194, 29, 217, 201, 253, 275, 114, 206, 211),
(484, 320, 389, 392, 401, 387, 370, 28, 3, 28, 234, 334, 246, 137, 289, 4, 349, 358, 363, 416, 324),
(485, 159, 230, 199, 442, 434, 321, 336, 298, 474, 527, 524, 493, 527, 163, 129, 273, 203, 445, 454, 306),
(486, 279, 332, 353, 150, 234, 207, 112, 221, 92, 154, 163, 62, 9, 277, 255, 321, 353, 249, 281, 153),
(487, 400, 471, 481, 432, 500, 507, 435, 361, 412, 356, 395, 285, 270, 406, 389, 458, 494, 421, 491, 432),
(488, 116, 139, 137, 277, 199, 246, 319, 277, 303, 133, 175, 284, 271, 138, 145, 165, 175, 135, 178, 236),
(489, 342, 407, 420, 171, 163, 158, 159, 34, 163, 166, 115, 39, 54, 330, 301, 393, 408, 355, 284, 205),
(490, 148, 175, 189, 66, 58, 57, 117, 269, 127, 115, 60, 22, 164, 182, 428, 232, 235, 197, 142, 107),
(491, 366, 431, 449, 124, 206, 296, 401, 243, 375, 38, 82, 117, 11, 342, 66, 392, 421, 66, 116, 187);
INSERT INTO `api_kanker` (`id`, `rerata_jari2_lobus`, `rerata_tumor_inti`, `rerata_luas_lobus`, `rerata_luas_permukaan_tumor`, `rerata_cekungan_kontur`, `rerata_jumlah_cekungan_kontur`, `se_jari2_lobus`, `se_tekstur_permukaan`, `se_tumor_inti`, `se_luas_permukaan_tumor`, `se_cekungan_kontur`, `se_jumlah_cekungan_kontur`, `se_fraktal_spesimen`, `keparahan_jari2_lobus`, `keparahan_tekstur_permukaan`, `keparahan_tumor_inti`, `keparahan_luas_lobus`, `keparahan_luas_permukaan_tumor`, `keparahan_cekungan_kontur`, `keparahan_jumlah_cekungan_kontur`) VALUES
(492, 371, 441, 454, 395, 384, 412, 483, 322, 482, 344, 365, 413, 358, 369, 277, 432, 457, 289, 291, 333),
(493, 160, 185, 201, 26, 22, 49, 267, 389, 225, 70, 34, 132, 430, 130, 23, 128, 160, 19, 15, 18),
(494, 200, 239, 259, 76, 64, 55, 261, 381, 267, 267, 103, 47, 209, 202, 350, 250, 255, 168, 78, 45),
(495, 289, 352, 363, 238, 281, 324, 130, 423, 129, 144, 221, 287, 77, 259, 351, 311, 327, 123, 202, 247),
(496, 168, 227, 207, 416, 307, 326, 131, 53, 150, 324, 265, 232, 315, 193, 164, 250, 247, 429, 378, 314),
(497, 161, 198, 203, 198, 161, 166, 21, 113, 50, 144, 105, 109, 32, 175, 219, 234, 225, 312, 245, 256),
(498, 380, 451, 461, 410, 426, 465, 490, 242, 470, 397, 407, 396, 452, 385, 181, 440, 473, 370, 375, 368),
(499, 428, 497, 512, 464, 495, 503, 442, 302, 444, 352, 388, 376, 330, 405, 396, 477, 497, 413, 465, 442),
(500, 297, 373, 370, 422, 299, 368, 321, 143, 263, 233, 197, 223, 275, 281, 111, 337, 359, 266, 221, 248),
(501, 241, 320, 310, 473, 406, 390, 397, 401, 356, 442, 347, 406, 502, 259, 443, 321, 330, 440, 363, 341),
(502, 163, 205, 197, 330, 258, 258, 183, 264, 123, 192, 254, 281, 176, 148, 139, 168, 179, 186, 227, 190),
(503, 444, 510, 528, 390, 449, 487, 533, 96, 526, 408, 379, 471, 239, 451, 208, 508, 536, 415, 398, 460),
(504, 20, 32, 18, 518, 342, 331, 351, 263, 360, 472, 348, 472, 531, 23, 24, 35, 16, 398, 251, 250),
(505, 33, 45, 27, 514, 386, 397, 204, 357, 165, 488, 451, 369, 533, 30, 56, 38, 25, 418, 322, 261),
(506, 146, 193, 172, 360, 311, 143, 49, 122, 8, 285, 378, 218, 342, 128, 215, 152, 136, 286, 376, 167),
(507, 77, 88, 79, 326, 187, 298, 44, 234, 59, 308, 163, 317, 519, 66, 121, 74, 69, 239, 146, 225),
(508, 336, 398, 415, 151, 248, 313, 84, 12, 30, 113, 247, 364, 187, 298, 51, 338, 380, 118, 240, 307),
(509, 312, 395, 387, 492, 482, 434, 273, 471, 353, 490, 480, 463, 480, 293, 483, 367, 375, 487, 490, 449),
(510, 120, 148, 141, 287, 279, 188, 69, 58, 65, 448, 385, 386, 499, 93, 48, 108, 105, 345, 307, 258),
(511, 287, 340, 362, 59, 152, 181, 105, 50, 144, 110, 124, 244, 69, 244, 47, 301, 317, 70, 126, 160),
(512, 211, 296, 273, 435, 416, 425, 334, 187, 369, 295, 345, 334, 359, 274, 375, 352, 356, 431, 463, 431),
(513, 274, 335, 348, 266, 312, 302, 355, 51, 304, 230, 306, 164, 143, 281, 40, 331, 361, 220, 286, 218),
(514, 298, 361, 375, 256, 297, 301, 331, 291, 320, 198, 298, 202, 58, 305, 340, 355, 388, 254, 318, 272),
(515, 94, 102, 103, 246, 200, 185, 151, 222, 99, 200, 214, 260, 8, 94, 187, 92, 112, 153, 196, 197),
(516, 377, 448, 460, 384, 438, 471, 425, 181, 383, 238, 295, 241, 212, 374, 283, 430, 463, 319, 392, 337),
(517, 411, 480, 490, 406, 412, 470, 408, 155, 413, 299, 309, 286, 292, 403, 249, 469, 480, 389, 426, 361),
(518, 183, 246, 214, 468, 224, 336, 381, 281, 378, 305, 113, 303, 278, 223, 220, 287, 267, 360, 144, 266),
(519, 173, 221, 215, 344, 175, 234, 329, 219, 296, 189, 189, 189, 322, 199, 148, 237, 238, 230, 168, 165),
(520, 21, 23, 20, 379, 146, 173, 300, 268, 278, 327, 225, 398, 351, 29, 53, 28, 24, 253, 111, 141),
(521, 450, 515, 533, 509, 505, 526, 515, 165, 504, 396, 352, 401, 424, 447, 307, 505, 535, 456, 444, 471),
(522, 86, 89, 100, 38, 19, 17, 11, 262, 7, 15, 19, 19, 145, 71, 295, 76, 76, 35, 25, 22),
(523, 233, 298, 285, 325, 242, 285, 258, 312, 259, 293, 211, 343, 335, 226, 265, 288, 286, 322, 237, 296),
(524, 42, 40, 41, 242, 87, 172, 162, 302, 203, 263, 70, 93, 306, 52, 184, 68, 51, 275, 90, 116),
(525, 6, 9, 7, 199, 105, 79, 8, 76, 17, 218, 164, 113, 353, 9, 67, 14, 11, 273, 207, 196),
(526, 215, 278, 268, 353, 196, 248, 76, 44, 85, 165, 126, 114, 71, 235, 245, 302, 298, 375, 302, 321),
(527, 153, 187, 192, 132, 127, 191, 3, 19, 1, 56, 54, 52, 17, 152, 80, 175, 191, 250, 214, 260),
(528, 247, 310, 309, 292, 354, 386, 426, 505, 435, 399, 432, 498, 460, 205, 6, 245, 256, 119, 187, 246),
(529, 139, 167, 163, 269, 170, 208, 166, 23, 152, 100, 162, 137, 134, 144, 14, 171, 176, 163, 195, 144),
(530, 121, 143, 139, 290, 237, 306, 378, 459, 374, 231, 155, 331, 149, 146, 335, 192, 180, 208, 158, 244),
(531, 115, 135, 132, 280, 195, 142, 84, 156, 78, 214, 172, 40, 204, 141, 357, 173, 177, 361, 310, 168),
(532, 230, 281, 292, 181, 59, 109, 82, 14, 73, 26, 40, 31, 52, 255, 105, 300, 324, 152, 137, 204),
(533, 422, 491, 507, 407, 430, 489, 497, 437, 478, 383, 389, 422, 211, 394, 314, 451, 479, 318, 334, 361),
(534, 74, 83, 78, 291, 236, 206, 20, 413, 32, 412, 406, 341, 310, 63, 299, 77, 66, 313, 254, 239),
(535, 425, 497, 509, 479, 488, 520, 471, 212, 464, 334, 384, 362, 206, 412, 259, 468, 499, 376, 437, 447),
(536, 261, 328, 327, 361, 419, 367, 80, 453, 183, 332, 421, 315, 338, 231, 463, 312, 300, 338, 428, 309),
(537, 117, 149, 121, 448, 210, 311, 230, 475, 238, 421, 179, 434, 470, 115, 435, 159, 114, 385, 164, 299),
(538, 2, 2, 2, 54, 0, 0, 324, 376, 294, 65, 0, 0, 500, 4, 401, 3, 4, 42, 0, 0),
(539, 1, 3, 1, 373, 330, 65, 109, 386, 87, 515, 514, 346, 509, 1, 426, 1, 1, 369, 364, 62),
(540, 107, 128, 115, 345, 280, 185, 207, 442, 135, 461, 466, 379, 459, 84, 93, 90, 92, 258, 215, 130),
(541, 269, 349, 345, 380, 353, 289, 173, 260, 318, 478, 367, 282, 483, 264, 422, 353, 337, 458, 420, 286),
(542, 283, 341, 355, 176, 190, 236, 238, 354, 240, 105, 184, 311, 198, 278, 436, 327, 346, 120, 193, 265),
(543, 203, 250, 258, 160, 130, 257, 136, 416, 115, 145, 125, 183, 12, 192, 489, 231, 242, 122, 121, 161),
(544, 244, 304, 300, 305, 165, 166, 201, 244, 218, 282, 261, 178, 319, 223, 232, 285, 278, 240, 160, 127),
(545, 226, 274, 290, 154, 129, 176, 294, 337, 216, 273, 202, 179, 191, 235, 363, 268, 301, 144, 117, 138),
(546, 55, 52, 58, 57, 30, 15, 92, 200, 70, 27, 64, 45, 193, 53, 150, 49, 56, 48, 42, 14),
(547, 53, 55, 53, 225, 204, 175, 1, 230, 9, 382, 260, 258, 473, 36, 160, 47, 37, 276, 212, 186),
(548, 34, 29, 32, 60, 88, 36, 230, 347, 212, 96, 239, 209, 374, 41, 263, 36, 42, 59, 103, 37),
(549, 67, 72, 76, 143, 52, 29, 414, 464, 408, 237, 96, 58, 248, 117, 409, 135, 125, 164, 59, 28),
(550, 68, 67, 75, 32, 0, 0, 256, 325, 229, 91, 0, 0, 133, 64, 233, 66, 70, 31, 0, 0),
(551, 79, 91, 88, 231, 223, 151, 210, 379, 204, 377, 343, 230, 421, 76, 346, 83, 78, 191, 188, 111),
(552, 175, 207, 229, 33, 73, 76, 148, 348, 94, 119, 100, 198, 61, 168, 480, 185, 215, 79, 95, 113),
(553, 22, 17, 22, 91, 182, 58, 236, 455, 232, 235, 382, 316, 416, 15, 241, 13, 14, 41, 84, 16),
(554, 183, 220, 237, 100, 268, 163, 95, 345, 103, 281, 373, 126, 227, 170, 478, 197, 217, 159, 282, 112),
(555, 54, 53, 55, 200, 262, 198, 110, 491, 82, 348, 433, 425, 436, 37, 470, 39, 38, 179, 244, 214),
(556, 48, 49, 49, 189, 18, 45, 153, 482, 137, 291, 20, 107, 142, 32, 181, 29, 31, 95, 9, 13),
(557, 25, 19, 26, 56, 0, 0, 422, 513, 411, 97, 0, 0, 281, 27, 462, 23, 26, 29, 0, 0),
(558, 275, 354, 347, 415, 356, 280, 122, 265, 248, 477, 490, 404, 392, 239, 319, 320, 302, 380, 386, 268),
(559, 105, 127, 118, 306, 369, 294, 146, 511, 192, 369, 473, 309, 423, 95, 488, 118, 106, 315, 383, 229),
(560, 253, 316, 315, 347, 207, 300, 312, 392, 348, 342, 208, 408, 454, 232, 445, 293, 291, 279, 152, 254),
(561, 83, 82, 94, 10, 0, 0, 252, 517, 210, 49, 0, 0, 67, 70, 495, 70, 81, 12, 0, 0),
(562, 305, 392, 383, 508, 514, 469, 186, 297, 274, 486, 497, 405, 485, 304, 506, 396, 376, 523, 537, 463),
(563, 432, 505, 515, 517, 524, 527, 511, 232, 522, 469, 503, 491, 490, 411, 371, 493, 501, 455, 506, 476),
(564, 438, 503, 522, 364, 509, 522, 529, 314, 514, 362, 453, 483, 383, 426, 293, 480, 518, 255, 423, 453),
(565, 413, 483, 499, 312, 415, 483, 487, 500, 480, 314, 377, 420, 179, 401, 494, 459, 493, 218, 350, 364),
(566, 340, 410, 421, 308, 329, 335, 387, 257, 398, 437, 428, 390, 349, 328, 460, 390, 413, 371, 366, 317),
(567, 429, 500, 501, 530, 530, 531, 476, 415, 491, 513, 495, 415, 487, 431, 500, 497, 502, 525, 534, 482),
(568, 3, 1, 3, 37, 0, 0, 330, 366, 301, 4, 0, 0, 222, 8, 387, 7, 7, 17, 0, 0);

-- --------------------------------------------------------

--
-- Table structure for table `apk_predict_kanker`
--

CREATE TABLE `apk_predict_kanker` (
  `id` bigint(20) NOT NULL,
  `rerata_jari2_lobus` int(11) NOT NULL,
  `rerata_tumor_inti` int(11) NOT NULL,
  `rerata_luas_lobus` int(11) NOT NULL,
  `rerata_luas_permukaan_tumor` int(11) NOT NULL,
  `rerata_cekungan_kontur` int(11) NOT NULL,
  `rerata_jumlah_cekungan_kontur` int(11) NOT NULL,
  `se_jari2_lobus` int(11) NOT NULL,
  `se_tekstur_permukaan` int(11) NOT NULL,
  `se_tumor_inti` int(11) NOT NULL,
  `se_luas_permukaan_tumor` int(11) NOT NULL,
  `se_cekungan_kontur` int(11) NOT NULL,
  `se_jumlah_cekungan_kontur` int(11) NOT NULL,
  `se_fraktal_spesimen` int(11) NOT NULL,
  `keparahan_jari2_lobus` int(11) NOT NULL,
  `keparahan_tekstur_permukaan` int(11) NOT NULL,
  `keparahan_tumor_inti` int(11) NOT NULL,
  `keparahan_luas_lobus` int(11) NOT NULL,
  `keparahan_luas_permukaan_tumor` int(11) NOT NULL,
  `keparahan_cekungan_kontur` int(11) NOT NULL,
  `keparahan_jumlah_cekungan_kontur` int(11) NOT NULL
) ENGINE=InnoDB DEFAULT CHARSET=utf8mb4;

--
-- Dumping data for table `apk_predict_kanker`
--

INSERT INTO `apk_predict_kanker` (`id`, `rerata_jari2_lobus`, `rerata_tumor_inti`, `rerata_luas_lobus`, `rerata_luas_permukaan_tumor`, `rerata_cekungan_kontur`, `rerata_jumlah_cekungan_kontur`, `se_jari2_lobus`, `se_tekstur_permukaan`, `se_tumor_inti`, `se_luas_permukaan_tumor`, `se_cekungan_kontur`, `se_jumlah_cekungan_kontur`, `se_fraktal_spesimen`, `keparahan_jari2_lobus`, `keparahan_tekstur_permukaan`, `keparahan_tumor_inti`, `keparahan_luas_lobus`, `keparahan_luas_permukaan_tumor`, `keparahan_cekungan_kontur`, `keparahan_jumlah_cekungan_kontur`) VALUES
(1, 101, 100, 100, 100, 100, 100, 100, 100, 100, 100, 100, 100, 100, 100, 100, 100, 100, 100, 100, 100);

-- --------------------------------------------------------

--
-- Table structure for table `app1_kanker`
--

CREATE TABLE `app1_kanker` (
  `id` bigint(20) NOT NULL,
  `rerata_jari2_lobus` int(11) NOT NULL,
  `rerata_tumor_inti` int(11) NOT NULL,
  `rerata_luas_lobus` int(11) NOT NULL,
  `rerata_luas_permukaan_tumor` int(11) NOT NULL,
  `rerata_cekungan_kontur` int(11) NOT NULL,
  `rerata_jumlah_cekungan_kontur` int(11) NOT NULL,
  `se_jari2_lobus` int(11) NOT NULL,
  `se_tekstur_permukaan` int(11) NOT NULL,
  `se_tumor_inti` int(11) NOT NULL,
  `se_luas_permukaan_tumor` int(11) NOT NULL,
  `se_cekungan_kontur` int(11) NOT NULL,
  `se_jumlah_cekungan_kontur` int(11) NOT NULL,
  `se_fraktal_spesimen` int(11) NOT NULL,
  `keparahan_jari2_lobus` int(11) NOT NULL,
  `keparahan_tekstur_permukaan` int(11) NOT NULL,
  `keparahan_tumor_inti` int(11) NOT NULL,
  `keparahan_luas_lobus` int(11) NOT NULL,
  `keparahan_luas_permukaan_tumor` int(11) NOT NULL,
  `keparahan_cekungan_kontur` int(11) NOT NULL,
  `keparahan_jumlah_cekungan_kontur` int(11) NOT NULL
) ENGINE=InnoDB DEFAULT CHARSET=utf8mb4;

--
-- Dumping data for table `app1_kanker`
--

INSERT INTO `app1_kanker` (`id`, `rerata_jari2_lobus`, `rerata_tumor_inti`, `rerata_luas_lobus`, `rerata_luas_permukaan_tumor`, `rerata_cekungan_kontur`, `rerata_jumlah_cekungan_kontur`, `se_jari2_lobus`, `se_tekstur_permukaan`, `se_tumor_inti`, `se_luas_permukaan_tumor`, `se_cekungan_kontur`, `se_jumlah_cekungan_kontur`, `se_fraktal_spesimen`, `keparahan_jari2_lobus`, `keparahan_tekstur_permukaan`, `keparahan_tumor_inti`, `keparahan_luas_lobus`, `keparahan_luas_permukaan_tumor`, `keparahan_cekungan_kontur`, `keparahan_jumlah_cekungan_kontur`) VALUES
(1, 426, 486, 513, 215, 321, 396, 424, 91, 396, 135, 177, 336, 309, 419, 199, 465, 511, 210, 278, 401),
(2, 406, 478, 487, 459, 478, 516, 481, 117, 458, 455, 368, 465, 407, 399, 261, 455, 491, 464, 438, 468),
(3, 370, 455, 452, 531, 521, 526, 525, 169, 520, 489, 460, 400, 489, 425, 41, 497, 516, 516, 520, 483),
(4, 418, 493, 506, 414, 480, 492, 484, 114, 485, 319, 471, 453, 446, 381, 28, 453, 470, 245, 415, 363),
(5, 159, 223, 200, 477, 440, 423, 278, 159, 246, 406, 357, 274, 444, 238, 206, 309, 308, 492, 472, 380),
(6, 376, 445, 458, 333, 374, 402, 383, 109, 379, 149, 228, 236, 126, 387, 326, 457, 475, 325, 394, 408),
(7, 233, 308, 293, 465, 335, 362, 440, 352, 425, 374, 248, 368, 456, 291, 343, 343, 371, 419, 305, 349),
(8, 192, 280, 243, 497, 469, 468, 242, 218, 282, 423, 351, 299, 336, 240, 395, 322, 305, 495, 475, 432),
(9, 160, 238, 196, 524, 501, 436, 233, 417, 209, 524, 501, 365, 529, 224, 502, 270, 295, 528, 536, 452),
(10, 324, 388, 404, 146, 144, 259, 326, 285, 290, 60, 77, 125, 255, 331, 458, 381, 415, 151, 175, 241),
(11, 322, 393, 399, 396, 350, 385, 407, 207, 408, 457, 283, 316, 373, 355, 320, 416, 440, 498, 411, 390),
(12, 394, 484, 471, 526, 485, 502, 510, 515, 530, 530, 512, 505, 539, 363, 379, 450, 447, 435, 384, 383),
(13, 323, 394, 401, 299, 349, 337, 345, 259, 349, 387, 446, 461, 252, 284, 326, 347, 366, 219, 272, 271),
(14, 234, 326, 294, 521, 490, 421, 96, 281, 215, 508, 463, 410, 517, 222, 429, 333, 282, 522, 514, 451),
(15, 273, 358, 348, 458, 443, 401, 317, 236, 346, 465, 429, 255, 458, 302, 487, 382, 385, 513, 517, 374),
(16, 280, 342, 365, 174, 296, 332, 395, 310, 380, 102, 198, 261, 112, 329, 399, 379, 414, 211, 323, 360),
(17, 328, 409, 405, 505, 460, 491, 436, 256, 424, 323, 324, 324, 371, 363, 411, 417, 444, 461, 450, 434),
(18, 410, 478, 498, 310, 424, 474, 486, 226, 494, 241, 340, 384, 102, 439, 399, 498, 529, 377, 473, 465),
(19, 222, 279, 283, 228, 278, 316, 196, 120, 214, 169, 244, 330, 147, 226, 79, 291, 294, 190, 275, 297),
(20, 196, 258, 244, 388, 212, 245, 59, 98, 75, 243, 151, 83, 167, 202, 113, 256, 243, 343, 228, 142),
(21, 28, 27, 28, 138, 126, 135, 206, 203, 187, 163, 192, 362, 247, 22, 11, 18, 21, 91, 98, 103),
(22, 310, 386, 376, 510, 487, 482, 379, 85, 395, 499, 488, 475, 391, 316, 73, 386, 392, 507, 498, 466),
(23, 436, 496, 519, 307, 367, 439, 469, 267, 448, 127, 153, 235, 100, 446, 475, 499, 534, 327, 339, 423),
(24, 341, 417, 428, 434, 431, 463, 491, 166, 486, 239, 278, 269, 227, 436, 413, 490, 524, 410, 445, 438),
(25, 351, 435, 429, 519, 498, 523, 521, 202, 510, 440, 363, 482, 508, 376, 139, 454, 460, 439, 402, 478),
(26, 274, 363, 338, 491, 414, 448, 175, 206, 227, 379, 270, 343, 328, 306, 446, 378, 370, 515, 477, 486),
(27, 381, 454, 467, 323, 425, 410, 502, 452, 490, 346, 447, 455, 379, 367, 318, 423, 452, 257, 370, 334),
(28, 308, 385, 388, 476, 451, 446, 380, 223, 405, 380, 353, 253, 246, 351, 484, 444, 434, 510, 499, 426),
(29, 362, 432, 441, 363, 347, 419, 447, 132, 461, 375, 341, 344, 334, 346, 86, 413, 426, 347, 285, 326),
(30, 382, 461, 465, 494, 506, 512, 496, 378, 489, 411, 452, 280, 405, 392, 459, 469, 486, 466, 495, 399),
(31, 125, 170, 157, 444, 391, 328, 400, 234, 402, 414, 392, 239, 463, 283, 342, 371, 369, 502, 515, 347),
(32, 347, 425, 426, 440, 508, 509, 448, 359, 429, 381, 445, 264, 345, 361, 433, 415, 448, 408, 479, 398),
(33, 398, 469, 480, 478, 447, 408, 432, 43, 406, 405, 349, 211, 350, 408, 400, 472, 500, 514, 493, 388),
(34, 328, 406, 409, 453, 405, 411, 275, 78, 241, 361, 269, 180, 343, 350, 318, 408, 433, 503, 468, 402),
(35, 343, 418, 422, 417, 404, 363, 389, 178, 359, 322, 359, 292, 202, 346, 362, 412, 428, 427, 476, 391),
(36, 259, 327, 330, 335, 399, 347, 215, 228, 325, 372, 434, 281, 361, 256, 386, 364, 332, 462, 466, 323),
(37, 194, 224, 246, 17, 104, 225, 55, 497, 33, 8, 104, 283, 68, 136, 178, 142, 168, 3, 48, 63),
(38, 295, 346, 374, 64, 95, 224, 531, 488, 518, 85, 167, 456, 63, 220, 246, 252, 284, 7, 24, 23),
(39, 217, 291, 276, 385, 362, 341, 97, 41, 116, 292, 308, 307, 268, 243, 276, 326, 306, 460, 461, 459),
(40, 213, 265, 280, 116, 136, 127, 144, 134, 125, 90, 110, 97, 10, 257, 383, 305, 329, 242, 249, 270),
(41, 73, 96, 82, 377, 360, 352, 139, 366, 172, 219, 257, 234, 254, 110, 473, 175, 135, 337, 417, 319),
(42, 391, 472, 469, 513, 489, 485, 514, 429, 523, 538, 518, 492, 513, 407, 445, 491, 482, 520, 521, 472),
(43, 206, 276, 264, 429, 346, 369, 318, 133, 285, 279, 223, 207, 279, 300, 337, 350, 374, 420, 387, 335),
(44, 201, 256, 253, 317, 313, 331, 72, 45, 60, 151, 119, 95, 59, 265, 378, 318, 307, 436, 389, 359),
(45, 383, 459, 463, 475, 478, 488, 455, 67, 447, 454, 467, 421, 311, 386, 135, 448, 469, 489, 522, 464),
(46, 4, 4, 4, 108, 54, 19, 24, 195, 19, 201, 136, 58, 190, 3, 156, 4, 3, 117, 68, 16),
(47, 201, 263, 254, 381, 392, 400, 219, 162, 184, 306, 294, 297, 323, 248, 333, 306, 316, 453, 458, 435),
(48, 137, 172, 169, 270, 274, 200, 191, 90, 176, 161, 235, 51, 166, 162, 119, 207, 205, 261, 331, 118),
(49, 218, 271, 277, 204, 221, 265, 133, 343, 157, 149, 212, 288, 90, 228, 423, 283, 284, 180, 266, 295),
(50, 122, 130, 144, 55, 57, 44, 350, 299, 321, 66, 87, 118, 66, 115, 266, 125, 140, 46, 55, 35),
(51, 227, 275, 287, 118, 65, 91, 62, 183, 89, 107, 74, 134, 184, 206, 193, 255, 258, 156, 118, 199),
(52, 131, 142, 155, 51, 68, 64, 124, 52, 108, 39, 99, 138, 200, 122, 136, 131, 151, 50, 102, 105),
(53, 375, 447, 457, 438, 462, 495, 498, 414, 471, 368, 286, 192, 448, 358, 214, 414, 446, 283, 299, 302),
(54, 301, 361, 380, 170, 235, 261, 245, 140, 222, 73, 138, 192, 42, 317, 419, 367, 401, 247, 309, 344),
(55, 106, 109, 125, 87, 133, 154, 263, 196, 241, 47, 106, 166, 163, 110, 172, 113, 126, 47, 100, 106),
(56, 397, 462, 477, 387, 401, 458, 477, 288, 469, 301, 297, 387, 195, 434, 343, 484, 523, 403, 405, 437),
(57, 282, 347, 346, 423, 397, 424, 364, 274, 332, 359, 253, 313, 370, 313, 394, 362, 394, 467, 380, 395),
(58, 195, 224, 249, 19, 1, 9, 346, 301, 314, 45, 1, 20, 251, 186, 165, 209, 238, 15, 1, 4),
(59, 9, 7, 9, 75, 77, 26, 23, 38, 14, 78, 191, 53, 225, 10, 7, 8, 10, 103, 133, 48),
(60, 49, 47, 50, 224, 34, 59, 411, 372, 391, 89, 44, 144, 477, 43, 44, 40, 46, 65, 21, 17),
(61, 8, 10, 8, 267, 132, 35, 306, 480, 295, 389, 302, 195, 256, 11, 311, 10, 9, 178, 99, 19),
(62, 259, 355, 339, 504, 492, 441, 473, 316, 483, 523, 494, 447, 484, 307, 374, 370, 387, 512, 513, 388),
(63, 19, 18, 21, 260, 261, 147, 352, 493, 317, 451, 401, 392, 469, 19, 77, 21, 20, 175, 165, 65),
(64, 170, 227, 219, 386, 375, 394, 367, 282, 352, 336, 299, 320, 320, 292, 451, 346, 368, 445, 418, 375),
(65, 285, 362, 354, 436, 395, 459, 305, 319, 286, 302, 233, 288, 273, 297, 450, 360, 379, 395, 330, 362),
(66, 27, 25, 24, 206, 80, 78, 136, 476, 140, 217, 152, 199, 382, 25, 413, 26, 27, 172, 105, 115),
(67, 91, 95, 105, 48, 166, 149, 202, 188, 175, 58, 207, 175, 120, 86, 207, 85, 96, 54, 170, 132),
(68, 17, 16, 19, 427, 523, 303, 266, 289, 181, 532, 531, 501, 526, 24, 173, 20, 23, 469, 538, 381),
(69, 176, 208, 221, 70, 164, 216, 141, 153, 92, 11, 135, 165, 86, 145, 97, 156, 184, 26, 113, 91),
(70, 388, 458, 472, 311, 364, 418, 489, 123, 487, 204, 230, 351, 53, 418, 302, 479, 504, 290, 306, 389),
(71, 14, 16, 14, 446, 319, 219, 419, 146, 377, 535, 470, 434, 542, 14, 12, 12, 12, 305, 169, 57),
(72, 353, 428, 435, 487, 455, 416, 443, 239, 414, 504, 394, 268, 492, 396, 457, 449, 488, 519, 505, 405),
(73, 239, 311, 299, 392, 301, 325, 208, 47, 196, 269, 157, 190, 265, 279, 124, 341, 342, 405, 311, 312),
(74, 151, 191, 194, 159, 150, 153, 164, 231, 159, 233, 168, 135, 148, 179, 194, 206, 228, 205, 203, 202),
(75, 326, 396, 414, 243, 343, 389, 482, 225, 475, 287, 350, 439, 88, 340, 226, 397, 424, 243, 315, 340),
(76, 221, 284, 276, 317, 286, 381, 353, 224, 324, 357, 84, 147, 486, 176, 1, 217, 223, 121, 92, 145),
(77, 373, 446, 453, 511, 452, 497, 513, 32, 498, 506, 423, 467, 503, 378, 69, 446, 476, 499, 395, 439),
(78, 415, 506, 495, 536, 533, 534, 508, 456, 521, 521, 523, 489, 479, 398, 421, 485, 477, 511, 525, 474),
(79, 181, 235, 225, 284, 178, 160, 192, 264, 164, 206, 208, 142, 234, 187, 234, 223, 234, 260, 205, 159),
(80, 100, 117, 112, 278, 213, 150, 264, 487, 219, 213, 255, 121, 357, 123, 434, 144, 150, 174, 208, 98),
(81, 208, 268, 244, 447, 383, 395, 215, 225, 114, 424, 380, 353, 412, 243, 193, 261, 229, 483, 452, 373),
(82, 451, 517, 534, 528, 528, 538, 505, 382, 512, 505, 472, 462, 475, 448, 454, 509, 533, 509, 503, 489),
(83, 392, 474, 473, 483, 475, 525, 413, 512, 492, 511, 218, 445, 530, 352, 439, 427, 439, 349, 279, 397),
(84, 134, 158, 162, 172, 192, 105, 123, 313, 84, 230, 200, 105, 194, 157, 237, 183, 195, 234, 265, 151),
(85, 379, 450, 462, 319, 403, 449, 472, 383, 466, 203, 284, 361, 337, 388, 327, 453, 474, 251, 340, 365),
(86, 270, 333, 341, 297, 390, 323, 358, 490, 390, 370, 459, 432, 276, 263, 368, 330, 337, 229, 359, 290),
(87, 390, 453, 463, 375, 422, 426, 428, 68, 365, 236, 361, 295, 283, 417, 390, 456, 477, 382, 483, 411),
(88, 154, 194, 188, 279, 263, 282, 234, 394, 243, 321, 272, 322, 399, 166, 392, 219, 198, 308, 280, 286),
(89, 279, 348, 343, 418, 351, 399, 410, 92, 422, 470, 408, 407, 433, 270, 60, 335, 333, 370, 297, 313),
(90, 278, 339, 350, 257, 135, 232, 322, 266, 257, 232, 78, 161, 238, 261, 364, 307, 334, 189, 101, 131),
(91, 311, 378, 386, 313, 372, 405, 249, 142, 217, 316, 414, 433, 119, 275, 272, 328, 352, 232, 316, 331),
(92, 205, 249, 269, 61, 141, 192, 349, 276, 330, 75, 107, 252, 21, 272, 167, 314, 351, 102, 154, 243),
(93, 214, 269, 272, 230, 180, 205, 228, 349, 223, 177, 180, 200, 78, 225, 273, 269, 285, 186, 161, 158),
(94, 299, 379, 377, 449, 459, 451, 398, 199, 415, 433, 436, 448, 307, 320, 217, 380, 400, 459, 467, 443),
(95, 417, 484, 500, 407, 420, 443, 485, 398, 457, 420, 393, 311, 393, 410, 414, 461, 496, 404, 422, 355),
(96, 142, 166, 171, 167, 98, 229, 313, 400, 284, 108, 80, 383, 296, 109, 126, 117, 121, 55, 50, 91),
(97, 41, 37, 42, 77, 21, 28, 279, 478, 233, 170, 24, 38, 463, 40, 286, 34, 43, 57, 19, 14),
(98, 109, 126, 129, 190, 194, 263, 128, 28, 93, 137, 150, 98, 184, 119, 39, 124, 132, 207, 233, 193),
(99, 266, 337, 335, 355, 336, 356, 223, 453, 277, 363, 333, 363, 398, 269, 398, 336, 346, 365, 345, 353),
(100, 225, 285, 298, 249, 320, 308, 388, 323, 343, 175, 267, 220, 154, 288, 472, 332, 372, 223, 343, 283),
(101, 0, 0, 0, 194, 0, 0, 118, 397, 118, 84, 0, 0, 369, 0, 87, 0, 0, 96, 0, 0),
(102, 142, 159, 177, 25, 94, 94, 69, 411, 36, 17, 72, 92, 30, 140, 441, 145, 173, 49, 130, 146),
(103, 43, 44, 44, 288, 265, 237, 47, 305, 111, 284, 305, 264, 316, 35, 304, 57, 40, 284, 301, 233),
(104, 58, 63, 63, 255, 131, 52, 302, 404, 262, 290, 291, 162, 302, 61, 196, 67, 64, 138, 83, 27),
(105, 197, 275, 251, 481, 486, 476, 335, 184, 284, 365, 461, 355, 504, 268, 168, 323, 347, 449, 500, 420),
(106, 113, 134, 128, 304, 289, 270, 240, 428, 237, 302, 297, 358, 344, 126, 369, 154, 146, 333, 319, 288),
(107, 154, 189, 190, 158, 110, 115, 6, 163, 3, 77, 86, 46, 15, 135, 323, 155, 164, 226, 238, 192),
(108, 443, 511, 525, 529, 535, 537, 532, 406, 528, 533, 522, 486, 442, 445, 338, 507, 527, 517, 535, 491),
(109, 94, 100, 108, 141, 232, 112, 134, 210, 130, 187, 246, 79, 175, 116, 365, 136, 142, 269, 337, 180),
(110, 40, 38, 39, 241, 202, 97, 344, 364, 333, 367, 277, 229, 418, 44, 141, 52, 45, 188, 150, 70),
(111, 167, 217, 204, 376, 363, 364, 290, 448, 331, 456, 448, 479, 474, 139, 258, 200, 152, 277, 258, 268),
(112, 260, 367, 328, 516, 522, 414, 309, 391, 397, 525, 528, 478, 540, 232, 205, 324, 293, 457, 508, 336),
(113, 59, 68, 61, 402, 271, 239, 274, 454, 210, 438, 417, 388, 497, 49, 176, 59, 47, 244, 149, 99),
(114, 11, 12, 11, 232, 191, 116, 31, 39, 68, 289, 329, 237, 341, 12, 90, 17, 12, 294, 283, 255),
(115, 130, 152, 156, 213, 145, 124, 248, 182, 206, 325, 171, 130, 346, 157, 280, 180, 206, 299, 179, 140),
(116, 15, 15, 16, 383, 331, 159, 250, 204, 388, 520, 515, 480, 461, 7, 37, 15, 8, 212, 183, 37),
(117, 289, 372, 364, 466, 454, 456, 368, 191, 357, 330, 303, 312, 348, 327, 322, 392, 410, 474, 446, 427),
(118, 322, 400, 400, 480, 491, 473, 430, 255, 410, 453, 479, 356, 478, 349, 392, 405, 435, 486, 523, 428),
(119, 369, 428, 445, 153, 294, 346, 429, 301, 393, 40, 231, 215, 85, 357, 330, 400, 433, 96, 262, 284),
(120, 97, 109, 117, 149, 155, 187, 13, 10, 22, 184, 128, 81, 129, 108, 17, 133, 131, 297, 252, 209),
(121, 384, 452, 464, 337, 418, 442, 475, 412, 472, 274, 335, 402, 406, 376, 237, 437, 468, 282, 354, 371),
(122, 449, 516, 532, 534, 536, 541, 537, 514, 527, 537, 527, 442, 528, 433, 210, 495, 520, 463, 484, 456),
(123, 271, 334, 333, 336, 325, 354, 226, 150, 189, 131, 292, 295, 228, 249, 18, 306, 310, 192, 292, 289),
(124, 209, 264, 271, 184, 309, 210, 29, 270, 44, 402, 440, 235, 366, 188, 176, 225, 244, 317, 356, 210),
(125, 242, 292, 304, 121, 46, 47, 106, 148, 101, 56, 56, 24, 56, 240, 202, 294, 299, 115, 87, 67),
(126, 225, 281, 289, 214, 238, 242, 127, 220, 162, 106, 161, 96, 25, 286, 477, 351, 357, 354, 399, 303),
(127, 389, 457, 474, 223, 332, 351, 468, 339, 481, 347, 387, 345, 205, 377, 267, 442, 466, 279, 348, 288),
(128, 301, 376, 359, 486, 377, 435, 370, 253, 337, 462, 326, 476, 439, 261, 63, 320, 319, 353, 242, 318),
(129, 408, 479, 485, 457, 513, 505, 403, 292, 336, 392, 430, 238, 273, 382, 453, 443, 471, 432, 480, 378),
(130, 143, 190, 174, 283, 121, 223, 77, 130, 201, 318, 65, 141, 372, 140, 52, 218, 167, 326, 110, 171),
(131, 312, 382, 393, 378, 421, 422, 396, 116, 370, 173, 285, 257, 171, 333, 275, 384, 417, 298, 397, 338),
(132, 330, 402, 410, 394, 359, 350, 374, 315, 342, 250, 226, 193, 159, 336, 418, 402, 419, 368, 327, 300),
(133, 319, 383, 396, 281, 292, 358, 247, 129, 200, 182, 147, 310, 152, 303, 78, 359, 378, 224, 204, 310),
(134, 378, 446, 462, 289, 380, 392, 445, 294, 418, 160, 290, 185, 128, 380, 408, 438, 472, 280, 411, 311),
(135, 175, 210, 225, 98, 219, 196, 140, 353, 90, 112, 236, 174, 199, 201, 449, 227, 257, 145, 256, 223),
(136, 119, 130, 140, 120, 160, 186, 384, 501, 384, 148, 268, 328, 327, 139, 259, 160, 171, 74, 114, 133),
(137, 99, 105, 111, 161, 154, 220, 42, 213, 28, 183, 116, 160, 36, 85, 159, 102, 95, 169, 166, 194),
(138, 292, 359, 361, 404, 433, 438, 535, 373, 519, 418, 489, 497, 237, 324, 140, 376, 389, 263, 360, 369),
(139, 88, 103, 93, 351, 215, 317, 284, 340, 177, 422, 224, 458, 300, 70, 14, 79, 75, 202, 96, 201),
(140, 37, 31, 35, 29, 0, 0, 75, 20, 43, 12, 0, 0, 272, 31, 3, 24, 30, 30, 0, 0),
(141, 327, 399, 411, 352, 337, 360, 474, 336, 455, 249, 313, 284, 299, 344, 251, 398, 429, 274, 312, 287),
(142, 99, 113, 110, 282, 74, 104, 214, 460, 193, 215, 83, 205, 308, 105, 303, 119, 124, 194, 79, 110),
(143, 185, 237, 234, 283, 227, 243, 102, 108, 149, 191, 127, 124, 83, 200, 152, 265, 253, 320, 250, 245),
(144, 65, 66, 71, 65, 84, 27, 168, 309, 167, 223, 201, 48, 155, 73, 120, 82, 85, 98, 108, 31),
(145, 129, 174, 152, 398, 167, 235, 339, 61, 362, 482, 282, 262, 525, 127, 27, 162, 130, 315, 106, 96),
(146, 123, 188, 149, 477, 448, 404, 259, 365, 258, 427, 422, 445, 417, 160, 291, 224, 214, 447, 438, 403),
(147, 292, 368, 371, 365, 327, 274, 362, 461, 387, 487, 457, 385, 524, 266, 258, 325, 339, 316, 287, 189),
(148, 267, 330, 332, 306, 317, 342, 147, 94, 231, 298, 319, 378, 180, 255, 99, 332, 321, 339, 335, 358),
(149, 235, 288, 301, 136, 122, 61, 163, 99, 126, 196, 159, 54, 98, 234, 171, 266, 299, 203, 188, 95),
(150, 192, 236, 242, 195, 138, 190, 356, 332, 344, 99, 185, 278, 31, 181, 213, 213, 230, 84, 86, 105),
(151, 5, 5, 5, 404, 400, 144, 71, 472, 49, 501, 502, 228, 535, 5, 376, 5, 5, 468, 474, 155),
(152, 36, 43, 45, 459, 534, 415, 495, 507, 434, 536, 532, 506, 544, 43, 85, 46, 53, 342, 528, 354),
(153, 81, 84, 91, 63, 70, 100, 120, 115, 80, 52, 90, 146, 39, 75, 21, 75, 84, 51, 70, 73),
(154, 199, 255, 260, 245, 334, 269, 197, 121, 171, 261, 307, 206, 304, 209, 114, 272, 269, 278, 328, 231),
(155, 148, 176, 178, 148, 176, 162, 111, 205, 97, 190, 196, 133, 177, 150, 248, 166, 190, 192, 239, 173),
(156, 364, 438, 442, 469, 467, 494, 492, 360, 488, 491, 454, 444, 437, 356, 244, 410, 441, 402, 379, 339),
(157, 345, 411, 423, 177, 233, 204, 399, 479, 404, 338, 311, 262, 27, 319, 341, 373, 403, 179, 225, 191),
(158, 138, 156, 168, 71, 68, 120, 53, 89, 34, 67, 50, 67, 181, 126, 65, 137, 157, 100, 94, 135),
(159, 70, 69, 80, 14, 12, 23, 212, 100, 168, 18, 9, 13, 202, 88, 58, 86, 100, 40, 17, 39),
(160, 121, 145, 135, 355, 284, 281, 406, 435, 428, 310, 391, 277, 443, 138, 284, 199, 163, 217, 241, 157),
(161, 396, 464, 479, 369, 388, 478, 517, 54, 502, 379, 402, 496, 289, 375, 52, 441, 464, 238, 264, 387),
(162, 404, 481, 490, 470, 512, 518, 479, 245, 467, 296, 386, 326, 280, 438, 292, 488, 526, 430, 509, 455),
(163, 153, 196, 186, 303, 240, 211, 227, 427, 195, 391, 321, 272, 455, 149, 354, 177, 181, 291, 201, 172),
(164, 446, 510, 530, 357, 402, 479, 465, 148, 459, 328, 288, 407, 333, 442, 345, 496, 530, 411, 410, 462),
(165, 294, 345, 372, 82, 67, 117, 56, 250, 55, 30, 49, 77, 28, 258, 271, 304, 326, 67, 80, 85),
(166, 66, 70, 72, 96, 101, 89, 37, 5, 27, 68, 76, 41, 116, 62, 0, 64, 71, 109, 115, 52),
(167, 344, 414, 424, 273, 315, 382, 446, 358, 440, 320, 263, 403, 305, 347, 287, 406, 432, 259, 271, 330),
(168, 360, 436, 446, 460, 494, 492, 524, 363, 511, 428, 420, 395, 447, 391, 437, 460, 485, 426, 453, 376),
(169, 294, 353, 367, 217, 107, 284, 199, 303, 182, 143, 41, 181, 55, 261, 185, 315, 331, 166, 66, 195),
(170, 152, 186, 184, 165, 181, 276, 138, 69, 143, 109, 148, 301, 135, 146, 9, 172, 174, 110, 143, 224),
(171, 212, 261, 281, 130, 255, 268, 393, 273, 373, 79, 220, 203, 82, 315, 377, 365, 397, 149, 301, 280),
(172, 312, 386, 389, 450, 483, 500, 360, 64, 338, 304, 399, 332, 375, 326, 36, 385, 411, 411, 487, 394),
(173, 78, 77, 84, 97, 91, 184, 86, 449, 74, 277, 120, 399, 428, 56, 29, 56, 63, 39, 37, 47),
(174, 63, 64, 70, 35, 0, 0, 271, 467, 237, 72, 0, 0, 3, 61, 76, 61, 67, 23, 0, 0),
(175, 10, 8, 10, 34, 0, 0, 112, 118, 81, 31, 0, 0, 294, 6, 36, 6, 6, 25, 0, 0),
(176, 44, 48, 46, 397, 398, 278, 371, 492, 372, 534, 526, 484, 541, 54, 222, 60, 58, 359, 373, 240),
(177, 338, 414, 417, 451, 464, 453, 239, 320, 292, 459, 459, 440, 410, 311, 349, 380, 393, 479, 488, 429),
(178, 193, 215, 248, 0, 7, 1, 38, 271, 20, 0, 7, 1, 2, 173, 362, 189, 226, 1, 8, 2),
(179, 178, 206, 231, 18, 29, 62, 222, 211, 164, 20, 33, 116, 287, 154, 19, 169, 196, 11, 27, 41),
(180, 453, 519, 536, 496, 519, 539, 500, 388, 493, 326, 316, 301, 215, 454, 442, 511, 540, 442, 470, 485),
(181, 434, 504, 510, 532, 511, 528, 456, 102, 453, 483, 372, 394, 453, 437, 452, 489, 522, 521, 507, 490),
(182, 318, 381, 397, 261, 275, 329, 316, 274, 282, 294, 187, 213, 168, 348, 440, 401, 434, 406, 320, 346),
(183, 97, 111, 113, 229, 267, 165, 277, 265, 185, 436, 477, 423, 427, 89, 49, 91, 97, 158, 198, 105),
(184, 307, 375, 378, 318, 241, 255, 83, 18, 64, 155, 158, 59, 188, 312, 339, 355, 390, 388, 383, 291),
(185, 47, 42, 52, 47, 8, 2, 365, 316, 328, 111, 8, 3, 303, 68, 133, 71, 79, 72, 6, 3),
(186, 377, 442, 459, 244, 310, 355, 183, 13, 170, 57, 114, 90, 5, 367, 289, 420, 454, 307, 377, 354),
(187, 119, 129, 136, 122, 172, 252, 156, 104, 160, 46, 190, 289, 47, 116, 138, 141, 145, 75, 181, 267),
(188, 124, 137, 146, 89, 89, 82, 61, 468, 11, 48, 133, 65, 101, 97, 297, 96, 116, 68, 97, 47),
(189, 150, 185, 183, 180, 173, 86, 143, 141, 148, 288, 217, 78, 60, 141, 89, 167, 171, 170, 168, 59),
(190, 258, 336, 321, 525, 481, 387, 215, 484, 228, 540, 525, 417, 534, 250, 490, 323, 318, 526, 530, 384),
(191, 175, 216, 227, 142, 137, 216, 478, 441, 476, 224, 222, 431, 472, 161, 200, 202, 201, 52, 51, 56),
(192, 35, 28, 34, 1, 0, 0, 301, 518, 250, 21, 0, 0, 51, 17, 123, 11, 19, 0, 0, 0),
(193, 153, 204, 202, 421, 365, 312, 348, 450, 322, 441, 366, 333, 464, 246, 499, 301, 323, 480, 435, 327),
(194, 288, 380, 357, 501, 457, 454, 209, 197, 409, 495, 465, 452, 388, 260, 328, 369, 328, 477, 439, 377),
(195, 186, 222, 240, 84, 174, 167, 73, 171, 100, 195, 234, 154, 121, 169, 158, 212, 221, 139, 210, 177),
(196, 237, 312, 305, 387, 411, 378, 452, 485, 473, 407, 424, 466, 387, 273, 459, 345, 335, 374, 400, 370),
(197, 374, 438, 455, 258, 368, 354, 458, 326, 449, 498, 482, 367, 441, 339, 231, 399, 427, 226, 290, 217),
(198, 395, 467, 476, 428, 370, 391, 376, 256, 423, 429, 273, 298, 293, 397, 431, 481, 489, 497, 404, 373),
(199, 268, 338, 336, 375, 385, 361, 88, 60, 88, 197, 199, 110, 98, 321, 381, 368, 405, 443, 457, 396),
(200, 147, 180, 179, 226, 193, 295, 299, 334, 264, 222, 112, 275, 284, 198, 347, 229, 250, 241, 160, 262),
(201, 361, 433, 440, 372, 358, 406, 340, 136, 368, 331, 274, 340, 201, 355, 272, 421, 431, 396, 374, 409),
(202, 447, 514, 529, 507, 531, 535, 431, 409, 462, 494, 513, 485, 449, 421, 438, 490, 513, 454, 527, 487),
(203, 240, 318, 312, 482, 437, 464, 434, 469, 427, 385, 317, 321, 402, 332, 505, 395, 416, 491, 443, 424),
(204, 161, 203, 206, 321, 305, 287, 338, 241, 297, 246, 271, 234, 317, 218, 230, 254, 270, 296, 303, 246),
(205, 302, 374, 382, 286, 298, 292, 198, 1, 202, 247, 203, 148, 236, 310, 107, 367, 396, 390, 357, 293),
(206, 43, 39, 43, 178, 60, 119, 100, 339, 107, 123, 48, 123, 173, 26, 195, 27, 28, 104, 60, 79),
(207, 346, 415, 427, 183, 288, 339, 441, 147, 437, 180, 183, 267, 189, 341, 241, 404, 421, 138, 236, 266),
(208, 197, 272, 250, 437, 322, 327, 70, 180, 99, 376, 251, 150, 377, 204, 366, 289, 252, 471, 342, 273),
(209, 306, 370, 385, 127, 257, 249, 98, 2, 109, 120, 173, 115, 44, 300, 16, 354, 383, 267, 326, 251),
(210, 427, 491, 504, 420, 444, 475, 503, 387, 503, 426, 462, 494, 157, 395, 331, 464, 483, 355, 403, 406),
(211, 125, 140, 145, 162, 111, 69, 116, 151, 86, 214, 204, 91, 242, 136, 238, 153, 170, 213, 176, 129),
(212, 455, 521, 537, 444, 527, 533, 539, 384, 532, 350, 486, 360, 400, 443, 68, 500, 532, 143, 346, 357),
(213, 358, 430, 439, 358, 450, 383, 420, 430, 419, 531, 529, 504, 538, 316, 341, 374, 399, 195, 313, 267),
(214, 256, 325, 322, 405, 371, 375, 359, 451, 407, 431, 358, 409, 425, 285, 469, 361, 341, 444, 390, 384),
(215, 243, 313, 295, 445, 348, 348, 178, 289, 191, 415, 374, 366, 405, 251, 307, 313, 314, 470, 442, 366),
(216, 128, 162, 150, 361, 276, 247, 232, 410, 221, 463, 478, 437, 426, 133, 313, 161, 156, 367, 314, 276),
(217, 51, 50, 54, 106, 252, 39, 304, 465, 333, 386, 474, 248, 413, 59, 223, 72, 65, 124, 234, 33),
(218, 409, 476, 493, 405, 396, 444, 509, 284, 501, 390, 344, 423, 364, 430, 352, 485, 514, 384, 382, 392),
(219, 402, 470, 492, 348, 378, 388, 480, 331, 465, 335, 269, 251, 137, 441, 508, 494, 531, 448, 414, 363),
(220, 228, 283, 284, 259, 177, 183, 91, 8, 76, 211, 146, 88, 213, 234, 22, 292, 289, 310, 209, 166),
(221, 223, 295, 278, 371, 302, 307, 179, 22, 207, 303, 252, 152, 241, 219, 38, 297, 276, 337, 295, 212),
(222, 50, 51, 51, 248, 62, 113, 158, 303, 136, 156, 53, 127, 339, 50, 180, 54, 49, 130, 65, 78),
(223, 321, 387, 395, 374, 379, 375, 295, 179, 253, 309, 243, 163, 266, 337, 385, 388, 409, 474, 412, 332),
(224, 205, 248, 267, 57, 158, 177, 225, 160, 211, 91, 229, 177, 178, 227, 203, 280, 292, 113, 213, 230),
(225, 263, 322, 334, 197, 251, 314, 416, 127, 417, 162, 241, 318, 24, 282, 31, 342, 365, 146, 197, 263),
(226, 56, 58, 59, 205, 20, 53, 67, 167, 41, 33, 14, 28, 231, 60, 98, 63, 62, 92, 26, 49),
(227, 296, 364, 365, 334, 272, 283, 129, 21, 256, 395, 355, 279, 269, 274, 82, 358, 336, 416, 365, 311),
(228, 166, 207, 217, 191, 244, 128, 155, 251, 87, 297, 304, 168, 295, 185, 406, 210, 237, 399, 407, 281),
(229, 179, 254, 222, 484, 456, 393, 241, 254, 254, 443, 425, 380, 462, 229, 382, 317, 288, 494, 497, 416),
(230, 348, 427, 425, 456, 472, 499, 231, 75, 236, 258, 310, 354, 153, 338, 236, 412, 420, 438, 459, 477),
(231, 92, 93, 106, 20, 55, 5, 7, 161, 16, 202, 144, 6, 107, 78, 455, 101, 88, 129, 124, 10),
(232, 84, 83, 97, 11, 16, 22, 117, 425, 98, 22, 16, 10, 182, 88, 504, 89, 101, 24, 23, 24),
(233, 424, 490, 511, 328, 436, 428, 417, 286, 419, 268, 346, 256, 237, 415, 491, 475, 505, 340, 424, 351),
(234, 29, 26, 30, 28, 56, 87, 104, 138, 42, 76, 89, 210, 313, 28, 75, 22, 29, 58, 73, 139),
(235, 251, 306, 318, 164, 48, 111, 185, 395, 142, 150, 42, 223, 243, 233, 384, 277, 296, 142, 61, 162),
(236, 445, 512, 527, 474, 477, 510, 522, 198, 509, 360, 411, 424, 257, 452, 466, 506, 538, 452, 486, 480),
(237, 423, 485, 508, 239, 326, 365, 467, 239, 477, 388, 396, 419, 354, 410, 281, 473, 496, 285, 341, 322),
(238, 258, 323, 326, 315, 368, 305, 280, 496, 224, 358, 370, 227, 318, 251, 501, 305, 320, 302, 332, 175),
(239, 359, 427, 431, 400, 413, 450, 421, 148, 358, 351, 258, 352, 219, 379, 507, 426, 453, 422, 353, 433),
(240, 227, 277, 291, 144, 218, 279, 262, 66, 205, 122, 166, 259, 72, 213, 72, 241, 272, 111, 182, 219),
(241, 157, 182, 198, 6, 31, 42, 2, 74, 0, 9, 35, 16, 16, 131, 110, 134, 162, 37, 62, 43),
(242, 90, 120, 101, 413, 435, 215, 150, 424, 276, 507, 511, 329, 521, 98, 334, 174, 104, 485, 524, 288),
(243, 236, 294, 306, 157, 217, 164, 375, 248, 341, 339, 337, 225, 259, 221, 288, 276, 288, 131, 155, 97),
(244, 399, 474, 478, 452, 484, 455, 418, 447, 432, 400, 376, 391, 355, 372, 393, 435, 455, 362, 371, 352),
(245, 57, 59, 64, 111, 225, 240, 320, 504, 298, 152, 179, 271, 314, 59, 373, 65, 64, 73, 134, 124),
(246, 202, 243, 261, 42, 203, 41, 28, 418, 4, 193, 314, 42, 136, 172, 329, 190, 222, 141, 267, 61),
(247, 184, 251, 234, 419, 409, 291, 79, 9, 279, 503, 509, 351, 510, 194, 49, 316, 251, 504, 526, 350),
(248, 62, 65, 69, 179, 93, 84, 161, 393, 102, 74, 75, 66, 197, 83, 471, 84, 90, 125, 128, 99),
(249, 106, 118, 120, 210, 201, 227, 177, 237, 147, 118, 216, 224, 223, 101, 134, 105, 118, 156, 216, 228),
(250, 433, 499, 516, 461, 516, 519, 518, 131, 499, 447, 517, 449, 440, 427, 309, 478, 515, 381, 516, 440),
(251, 104, 107, 122, 113, 109, 132, 337, 144, 329, 80, 91, 188, 23, 114, 171, 127, 129, 77, 85, 117),
(252, 407, 481, 488, 490, 508, 481, 488, 112, 438, 493, 493, 460, 505, 422, 263, 466, 508, 508, 531, 473),
(253, 356, 426, 432, 316, 394, 429, 244, 149, 242, 180, 236, 307, 156, 343, 243, 407, 423, 300, 362, 400),
(254, 401, 465, 482, 370, 410, 437, 445, 55, 421, 228, 279, 309, 183, 429, 227, 476, 512, 378, 432, 422),
(255, 248, 317, 316, 391, 344, 330, 366, 126, 305, 343, 320, 338, 208, 273, 162, 329, 345, 387, 349, 310),
(256, 403, 487, 489, 506, 463, 504, 501, 292, 506, 484, 371, 383, 451, 420, 481, 492, 507, 493, 429, 410),
(257, 309, 391, 381, 520, 510, 511, 464, 249, 433, 475, 443, 468, 520, 309, 174, 372, 381, 476, 436, 454),
(258, 317, 419, 398, 535, 525, 521, 534, 499, 529, 510, 510, 500, 482, 343, 416, 434, 425, 490, 496, 470),
(259, 315, 394, 391, 462, 461, 430, 149, 317, 186, 329, 293, 228, 288, 322, 510, 389, 404, 496, 481, 425),
(260, 419, 486, 503, 331, 428, 467, 342, 236, 311, 194, 217, 143, 84, 414, 498, 474, 503, 357, 396, 372),
(261, 357, 420, 437, 131, 123, 213, 343, 330, 309, 92, 92, 129, 35, 343, 410, 394, 422, 138, 138, 177),
(262, 355, 429, 438, 389, 341, 407, 499, 422, 497, 509, 419, 470, 471, 354, 317, 418, 438, 351, 267, 343),
(263, 316, 377, 394, 92, 197, 214, 125, 216, 113, 54, 99, 35, 14, 314, 417, 363, 395, 199, 263, 198),
(264, 352, 422, 433, 268, 328, 379, 357, 93, 340, 116, 205, 216, 34, 371, 370, 424, 458, 323, 406, 419),
(265, 431, 494, 521, 356, 408, 440, 528, 419, 516, 172, 219, 197, 146, 453, 509, 510, 542, 330, 369, 367),
(266, 61, 74, 68, 359, 270, 189, 385, 290, 399, 425, 336, 347, 280, 69, 183, 88, 73, 314, 232, 159),
(267, 224, 273, 277, 234, 189, 141, 283, 463, 313, 311, 315, 219, 253, 210, 380, 271, 262, 184, 173, 100),
(268, 182, 219, 234, 125, 179, 84, 135, 304, 117, 283, 256, 72, 123, 171, 204, 203, 218, 200, 243, 86),
(269, 64, 75, 67, 395, 316, 217, 260, 390, 250, 485, 496, 429, 512, 66, 247, 78, 68, 321, 289, 200),
(270, 262, 309, 329, 3, 23, 20, 9, 87, 2, 2, 22, 14, 18, 215, 118, 244, 274, 6, 36, 30),
(271, 89, 99, 99, 196, 142, 201, 64, 25, 31, 95, 97, 173, 230, 85, 20, 87, 91, 140, 147, 206),
(272, 441, 509, 524, 499, 496, 498, 527, 342, 524, 492, 485, 393, 414, 444, 344, 502, 528, 481, 485, 397),
(273, 38, 33, 38, 46, 35, 72, 195, 362, 161, 81, 51, 204, 384, 34, 125, 31, 35, 56, 39, 68),
(274, 368, 434, 451, 166, 250, 315, 361, 368, 336, 103, 142, 158, 216, 362, 468, 414, 445, 198, 248, 275),
(275, 128, 147, 154, 175, 259, 403, 459, 495, 431, 176, 94, 454, 252, 90, 71, 95, 103, 43, 72, 208),
(276, 93, 94, 109, 22, 5, 7, 142, 318, 122, 53, 6, 8, 41, 82, 71, 81, 93, 31, 3, 4),
(277, 386, 449, 468, 103, 308, 357, 269, 135, 275, 94, 262, 373, 49, 345, 218, 398, 430, 93, 257, 298),
(278, 224, 266, 288, 27, 73, 54, 184, 280, 146, 10, 71, 29, 6, 241, 278, 282, 304, 34, 120, 69),
(279, 242, 300, 303, 202, 208, 277, 160, 177, 174, 185, 121, 238, 38, 219, 148, 278, 264, 182, 174, 242),
(280, 393, 463, 474, 433, 473, 477, 457, 217, 450, 317, 381, 322, 301, 402, 479, 466, 492, 428, 482, 404),
(281, 120, 124, 143, 36, 83, 203, 433, 316, 416, 164, 128, 446, 104, 137, 61, 146, 159, 44, 67, 182),
(282, 399, 466, 475, 431, 442, 472, 394, 214, 349, 286, 312, 380, 94, 404, 353, 454, 478, 424, 431, 457),
(283, 332, 412, 408, 485, 476, 460, 220, 176, 288, 419, 372, 296, 367, 324, 243, 391, 402, 480, 460, 378),
(284, 184, 241, 241, 285, 371, 266, 224, 356, 272, 452, 505, 436, 325, 171, 94, 228, 216, 287, 358, 247),
(285, 165, 195, 209, 31, 9, 3, 200, 341, 154, 32, 10, 4, 105, 146, 190, 155, 189, 21, 5, 1),
(286, 131, 168, 158, 300, 273, 286, 203, 357, 381, 496, 404, 411, 516, 132, 321, 230, 169, 348, 273, 279),
(287, 184, 213, 239, 15, 85, 51, 21, 11, 25, 140, 146, 57, 111, 153, 8, 179, 200, 90, 135, 72),
(288, 86, 115, 105, 368, 333, 345, 402, 458, 345, 529, 508, 503, 494, 67, 166, 87, 80, 205, 184, 222),
(289, 96, 98, 107, 58, 96, 145, 193, 474, 194, 155, 109, 221, 244, 88, 279, 94, 94, 62, 77, 101),
(290, 265, 351, 342, 472, 407, 384, 504, 443, 451, 539, 520, 495, 543, 252, 163, 301, 322, 309, 259, 249),
(291, 293, 360, 369, 295, 260, 319, 221, 190, 239, 276, 131, 291, 229, 266, 282, 334, 340, 366, 216, 333),
(292, 188, 233, 235, 219, 266, 264, 89, 103, 45, 256, 238, 270, 422, 160, 101, 195, 208, 248, 260, 258),
(293, 126, 141, 151, 93, 114, 155, 85, 308, 46, 179, 114, 159, 70, 119, 268, 140, 141, 187, 151, 215),
(294, 172, 211, 212, 240, 41, 116, 48, 82, 62, 109, 36, 136, 19, 146, 45, 193, 183, 134, 52, 108),
(295, 237, 286, 298, 126, 33, 114, 107, 83, 95, 35, 21, 94, 74, 206, 34, 242, 261, 81, 35, 88),
(296, 71, 73, 77, 49, 39, 66, 41, 233, 52, 117, 73, 201, 298, 57, 5, 58, 60, 33, 28, 26),
(297, 122, 132, 147, 107, 113, 272, 461, 483, 441, 71, 95, 365, 218, 142, 197, 151, 182, 38, 57, 137),
(298, 260, 315, 331, 68, 97, 68, 126, 72, 141, 147, 74, 37, 91, 264, 250, 319, 344, 264, 189, 149),
(299, 59, 61, 61, 156, 99, 107, 218, 272, 261, 165, 178, 305, 96, 41, 216, 42, 41, 45, 41, 25),
(300, 402, 475, 491, 463, 497, 496, 526, 279, 508, 393, 468, 426, 429, 432, 285, 486, 519, 450, 494, 417),
(301, 160, 197, 195, 302, 282, 244, 311, 238, 310, 410, 426, 359, 419, 145, 189, 187, 178, 262, 231, 150),
(302, 412, 491, 496, 489, 503, 517, 523, 439, 517, 481, 499, 457, 476, 400, 372, 465, 490, 393, 455, 407),
(303, 58, 62, 62, 147, 86, 98, 17, 410, 12, 62, 165, 189, 279, 45, 225, 43, 48, 76, 89, 116),
(304, 101, 112, 116, 203, 147, 77, 268, 249, 291, 337, 227, 131, 297, 102, 146, 121, 117, 193, 141, 74),
(305, 109, 123, 133, 94, 69, 60, 165, 445, 198, 307, 137, 103, 130, 92, 415, 109, 111, 118, 76, 59),
(306, 202, 240, 256, 73, 4, 6, 63, 36, 40, 28, 4, 2, 192, 196, 112, 226, 249, 114, 10, 15),
(307, 16, 13, 17, 4, 13, 8, 40, 326, 29, 7, 18, 11, 122, 13, 103, 9, 13, 9, 14, 5),
(308, 219, 259, 282, 12, 11, 10, 119, 80, 104, 3, 11, 7, 33, 218, 35, 251, 283, 13, 13, 11),
(309, 195, 228, 252, 16, 15, 33, 341, 137, 307, 6, 15, 25, 141, 208, 43, 240, 266, 14, 16, 32),
(310, 118, 125, 134, 74, 53, 48, 27, 367, 24, 55, 67, 128, 46, 99, 300, 106, 113, 82, 81, 84),
(311, 277, 324, 352, 9, 47, 108, 255, 174, 194, 16, 25, 71, 0, 277, 149, 310, 355, 27, 46, 89),
(312, 174, 218, 223, 220, 184, 182, 265, 65, 271, 349, 322, 247, 390, 184, 25, 227, 231, 270, 211, 190),
(313, 107, 116, 126, 110, 43, 34, 10, 0, 23, 139, 63, 23, 89, 87, 2, 107, 99, 161, 88, 53),
(314, 7, 6, 6, 101, 0, 0, 281, 508, 247, 157, 0, 0, 498, 2, 170, 2, 2, 36, 0, 0),
(315, 162, 191, 205, 21, 14, 21, 36, 86, 15, 1, 13, 9, 13, 140, 95, 143, 165, 5, 18, 20),
(316, 142, 161, 180, 5, 36, 11, 93, 42, 83, 14, 79, 30, 1, 111, 26, 111, 133, 10, 40, 8),
(317, 375, 443, 456, 344, 376, 417, 347, 31, 300, 205, 245, 276, 170, 373, 239, 425, 462, 341, 402, 386),
(318, 18, 24, 15, 500, 479, 322, 390, 462, 420, 517, 521, 487, 515, 20, 198, 32, 15, 423, 440, 277),
(319, 158, 181, 201, 8, 42, 90, 325, 489, 293, 82, 62, 265, 245, 113, 106, 112, 138, 4, 22, 22),
(320, 52, 57, 57, 341, 279, 290, 315, 380, 130, 467, 383, 388, 511, 55, 117, 51, 59, 293, 229, 232),
(321, 414, 482, 502, 252, 381, 409, 444, 79, 426, 146, 266, 304, 37, 390, 187, 447, 484, 147, 298, 320),
(322, 181, 229, 224, 262, 171, 267, 114, 240, 134, 260, 181, 227, 261, 174, 131, 233, 219, 272, 214, 279),
(323, 420, 495, 500, 493, 515, 530, 437, 230, 430, 315, 325, 350, 286, 423, 424, 486, 509, 475, 471, 484),
(324, 144, 171, 175, 140, 72, 88, 182, 124, 197, 159, 68, 33, 109, 161, 137, 215, 207, 220, 132, 76),
(325, 169, 205, 210, 201, 139, 140, 90, 192, 123, 64, 101, 82, 70, 158, 132, 194, 197, 97, 112, 81),
(326, 255, 307, 324, 78, 61, 197, 180, 261, 119, 98, 28, 87, 174, 243, 55, 279, 312, 86, 54, 92),
(327, 135, 144, 165, 23, 6, 16, 132, 172, 91, 23, 5, 18, 64, 120, 165, 122, 148, 32, 7, 21),
(328, 335, 405, 412, 412, 423, 433, 377, 307, 386, 272, 328, 357, 226, 334, 388, 403, 412, 358, 381, 356),
(329, 334, 408, 416, 393, 465, 420, 438, 374, 354, 439, 475, 290, 488, 309, 247, 354, 391, 256, 358, 253),
(330, 325, 401, 403, 424, 390, 398, 282, 97, 319, 398, 362, 371, 264, 325, 157, 383, 407, 473, 456, 418),
(331, 190, 247, 236, 346, 291, 231, 195, 33, 289, 401, 405, 214, 408, 197, 155, 286, 248, 386, 368, 238),
(332, 84, 97, 98, 155, 17, 25, 233, 473, 197, 91, 17, 27, 93, 74, 269, 80, 77, 61, 12, 9),
(333, 85, 90, 102, 39, 2, 4, 103, 215, 112, 25, 3, 5, 106, 103, 161, 116, 119, 64, 4, 7),
(334, 150, 169, 185, 30, 25, 32, 56, 403, 39, 41, 38, 85, 132, 141, 350, 144, 166, 53, 34, 40),
(335, 349, 423, 430, 320, 427, 484, 493, 486, 496, 227, 412, 428, 331, 364, 444, 431, 451, 246, 409, 394),
(336, 191, 241, 237, 298, 169, 138, 50, 57, 5, 300, 318, 112, 465, 159, 32, 178, 199, 228, 172, 90),
(337, 385, 456, 466, 426, 361, 366, 460, 402, 452, 446, 375, 441, 397, 416, 464, 470, 506, 484, 441, 430),
(338, 46, 46, 48, 185, 100, 95, 188, 477, 164, 167, 149, 140, 221, 49, 305, 55, 55, 126, 119, 114),
(339, 448, 513, 531, 393, 504, 524, 520, 185, 500, 254, 354, 325, 263, 449, 395, 504, 537, 335, 451, 436),
(340, 266, 331, 334, 354, 306, 297, 297, 107, 327, 378, 369, 302, 290, 280, 142, 344, 362, 392, 391, 315),
(341, 30, 34, 31, 275, 315, 156, 57, 188, 80, 416, 444, 157, 363, 34, 189, 50, 34, 395, 433, 168),
(342, 77, 91, 86, 271, 243, 262, 27, 132, 69, 238, 281, 226, 240, 70, 100, 100, 82, 271, 268, 261),
(343, 405, 477, 486, 418, 470, 501, 453, 494, 479, 409, 403, 438, 277, 385, 467, 463, 467, 400, 447, 458),
(344, 119, 133, 136, 182, 183, 253, 293, 95, 273, 88, 145, 266, 260, 119, 57, 139, 139, 87, 123, 154),
(345, 53, 56, 56, 272, 159, 129, 283, 502, 280, 479, 259, 323, 496, 39, 84, 45, 36, 165, 74, 44),
(346, 138, 153, 164, 99, 24, 30, 151, 275, 120, 87, 30, 45, 217, 155, 312, 164, 188, 116, 44, 66),
(347, 284, 343, 356, 207, 214, 273, 291, 4, 299, 181, 176, 246, 222, 296, 54, 358, 367, 236, 255, 292),
(348, 102, 104, 114, 104, 106, 161, 35, 101, 18, 44, 59, 70, 253, 96, 122, 98, 108, 88, 109, 118),
(349, 132, 160, 142, 375, 37, 101, 308, 246, 287, 312, 46, 243, 262, 107, 50, 126, 122, 215, 30, 55),
(350, 114, 114, 138, 13, 26, 50, 299, 73, 249, 24, 31, 69, 203, 134, 96, 130, 161, 18, 29, 46),
(351, 321, 407, 394, 523, 520, 511, 415, 333, 403, 516, 519, 477, 506, 299, 215, 371, 377, 488, 512, 446),
(352, 452, 518, 535, 522, 529, 540, 516, 145, 507, 466, 397, 382, 291, 455, 202, 512, 541, 506, 502, 488),
(353, 300, 369, 382, 294, 393, 380, 463, 396, 443, 315, 438, 430, 434, 323, 447, 375, 406, 292, 419, 342),
(354, 80, 87, 92, 119, 209, 74, 363, 125, 392, 413, 413, 375, 432, 80, 15, 97, 89, 108, 136, 38),
(355, 164, 214, 208, 314, 357, 304, 307, 385, 382, 464, 484, 459, 378, 143, 169, 201, 172, 233, 274, 220),
(356, 195, 252, 233, 403, 339, 349, 246, 399, 312, 450, 449, 451, 466, 184, 235, 243, 213, 332, 294, 294),
(357, 244, 293, 308, 88, 50, 136, 174, 347, 158, 29, 23, 60, 113, 226, 262, 263, 281, 69, 53, 76),
(358, 13, 14, 13, 204, 220, 168, 423, 293, 446, 364, 327, 381, 376, 18, 49, 19, 18, 105, 107, 54),
(359, 26, 22, 29, 109, 115, 71, 408, 311, 385, 51, 240, 86, 210, 76, 240, 73, 81, 77, 129, 64),
(360, 163, 192, 211, 2, 3, 14, 298, 193, 268, 5, 2, 15, 4, 159, 128, 170, 209, 2, 2, 6),
(361, 207, 253, 265, 134, 147, 174, 189, 405, 208, 264, 160, 76, 90, 185, 367, 235, 232, 173, 139, 82),
(362, 174, 212, 218, 221, 114, 99, 115, 321, 114, 201, 129, 222, 118, 161, 274, 184, 202, 204, 145, 185),
(363, 339, 404, 418, 244, 256, 320, 285, 370, 270, 229, 170, 233, 103, 318, 256, 366, 398, 176, 199, 213),
(364, 211, 257, 270, 95, 81, 75, 25, 46, 13, 124, 118, 44, 110, 208, 147, 238, 263, 174, 157, 134),
(365, 421, 489, 505, 349, 345, 413, 439, 175, 445, 245, 242, 372, 86, 413, 290, 471, 498, 295, 308, 382),
(366, 416, 488, 494, 471, 445, 515, 512, 457, 505, 480, 476, 488, 385, 409, 456, 467, 487, 395, 388, 448),
(367, 145, 178, 176, 173, 205, 126, 169, 111, 180, 153, 199, 108, 92, 189, 212, 239, 239, 265, 277, 207),
(368, 440, 501, 526, 251, 382, 431, 530, 247, 515, 93, 213, 294, 75, 450, 296, 503, 539, 162, 317, 392),
(369, 442, 508, 523, 498, 510, 529, 519, 84, 513, 355, 353, 375, 340, 440, 270, 501, 525, 433, 448, 469),
(370, 337, 413, 419, 441, 466, 447, 372, 229, 355, 449, 481, 414, 368, 335, 404, 401, 418, 478, 519, 456),
(371, 304, 366, 379, 163, 151, 195, 46, 6, 61, 174, 132, 186, 65, 262, 13, 314, 343, 185, 156, 170),
(372, 437, 502, 518, 443, 474, 513, 287, 328, 283, 341, 342, 339, 389, 384, 153, 452, 465, 350, 418, 413),
(373, 430, 492, 514, 329, 432, 457, 451, 63, 439, 242, 270, 300, 57, 424, 192, 482, 510, 368, 425, 441),
(374, 231, 282, 296, 135, 103, 127, 34, 24, 72, 195, 88, 73, 125, 212, 106, 284, 265, 252, 153, 134),
(375, 331, 403, 402, 430, 277, 340, 39, 17, 67, 230, 186, 293, 325, 287, 74, 350, 360, 321, 253, 292),
(376, 60, 76, 65, 467, 502, 359, 0, 306, 275, 528, 530, 499, 536, 38, 179, 78, 33, 414, 492, 328),
(377, 215, 262, 279, 50, 40, 46, 32, 274, 79, 113, 43, 36, 50, 207, 476, 264, 271, 132, 82, 87),
(378, 229, 289, 297, 193, 198, 178, 12, 29, 20, 371, 246, 151, 435, 203, 91, 275, 259, 373, 293, 257),
(379, 78, 108, 76, 512, 453, 373, 94, 233, 153, 473, 416, 335, 396, 132, 440, 222, 128, 527, 529, 475),
(380, 87, 106, 96, 341, 303, 343, 177, 209, 169, 221, 215, 283, 329, 110, 115, 147, 109, 303, 261, 301),
(381, 76, 82, 84, 169, 157, 134, 30, 235, 54, 244, 154, 102, 87, 79, 123, 99, 86, 231, 186, 125),
(382, 137, 183, 167, 327, 304, 233, 5, 369, 164, 474, 400, 418, 507, 97, 355, 177, 115, 383, 321, 264),
(383, 155, 200, 182, 399, 257, 222, 187, 152, 230, 430, 431, 242, 501, 183, 191, 249, 220, 412, 347, 235),
(384, 206, 260, 262, 254, 230, 216, 54, 26, 128, 270, 289, 156, 196, 187, 42, 260, 236, 336, 318, 216),
(385, 276, 330, 351, 145, 314, 334, 354, 421, 350, 216, 339, 397, 235, 253, 420, 303, 315, 155, 304, 308),
(386, 145, 184, 181, 211, 283, 180, 194, 139, 222, 373, 402, 254, 415, 125, 81, 182, 155, 304, 333, 215),
(387, 245, 290, 311, 53, 75, 31, 172, 48, 151, 158, 193, 104, 95, 242, 102, 290, 309, 101, 125, 50),
(388, 87, 110, 104, 343, 352, 202, 270, 252, 308, 519, 516, 464, 537, 77, 70, 99, 87, 346, 329, 179),
(389, 403, 473, 483, 411, 468, 490, 450, 509, 484, 460, 498, 502, 491, 360, 391, 428, 443, 301, 401, 393),
(390, 53, 54, 56, 192, 66, 122, 65, 30, 66, 142, 52, 101, 158, 58, 10, 62, 61, 170, 93, 123),
(391, 12, 11, 12, 187, 0, 0, 412, 481, 376, 253, 0, 0, 495, 21, 177, 16, 22, 112, 0, 0),
(392, 313, 385, 390, 454, 471, 462, 462, 335, 463, 366, 442, 412, 381, 366, 371, 429, 450, 437, 478, 444),
(393, 439, 507, 520, 508, 518, 532, 454, 179, 442, 435, 427, 319, 362, 435, 356, 487, 521, 501, 518, 467),
(394, 140, 173, 166, 293, 222, 260, 213, 426, 179, 199, 174, 122, 73, 147, 270, 191, 186, 190, 190, 104),
(395, 254, 303, 320, 83, 112, 254, 19, 433, 48, 130, 81, 186, 22, 216, 252, 258, 273, 99, 91, 158),
(396, 220, 287, 275, 359, 318, 338, 99, 336, 105, 251, 330, 348, 172, 210, 315, 267, 268, 324, 367, 325),
(397, 177, 232, 230, 265, 295, 293, 310, 315, 326, 417, 415, 354, 365, 160, 130, 211, 212, 201, 230, 183),
(398, 77, 78, 87, 52, 116, 24, 60, 81, 51, 171, 182, 21, 312, 102, 109, 104, 123, 212, 247, 76),
(399, 123, 136, 148, 128, 120, 85, 292, 270, 249, 252, 209, 43, 258, 144, 224, 157, 187, 183, 171, 71),
(400, 367, 460, 450, 527, 526, 508, 344, 110, 371, 434, 483, 242, 445, 359, 328, 445, 442, 505, 533, 412),
(401, 130, 146, 161, 72, 108, 102, 167, 242, 138, 114, 109, 55, 80, 164, 104, 181, 211, 154, 180, 128),
(402, 189, 244, 247, 218, 186, 110, 137, 324, 281, 432, 345, 245, 326, 180, 228, 257, 233, 288, 191, 121),
(403, 187, 234, 228, 263, 143, 170, 15, 168, 10, 132, 140, 111, 97, 167, 186, 205, 204, 225, 217, 188),
(404, 153, 177, 193, 43, 79, 130, 328, 170, 316, 42, 98, 231, 20, 129, 30, 138, 158, 22, 49, 58),
(405, 72, 79, 81, 188, 228, 228, 327, 439, 361, 278, 194, 279, 209, 90, 262, 123, 103, 167, 167, 156),
(406, 329, 397, 406, 247, 247, 310, 145, 56, 156, 121, 169, 169, 40, 308, 88, 363, 386, 181, 270, 274),
(407, 180, 225, 238, 236, 264, 106, 405, 446, 302, 471, 450, 337, 514, 195, 310, 221, 254, 221, 219, 80),
(408, 370, 440, 448, 403, 389, 452, 386, 154, 366, 350, 250, 377, 282, 365, 254, 419, 449, 422, 355, 415),
(409, 149, 179, 188, 139, 140, 194, 276, 444, 220, 302, 206, 249, 138, 178, 359, 200, 227, 196, 160, 226),
(410, 95, 101, 111, 79, 118, 139, 68, 408, 71, 69, 85, 56, 45, 118, 482, 148, 144, 160, 218, 203),
(411, 76, 85, 85, 209, 134, 179, 74, 355, 63, 61, 69, 119, 127, 91, 296, 102, 102, 137, 122, 146),
(412, 23, 21, 23, 117, 168, 12, 4, 283, 35, 340, 364, 32, 409, 16, 336, 25, 17, 216, 223, 16),
(413, 295, 365, 373, 309, 285, 288, 257, 337, 265, 353, 331, 293, 360, 281, 412, 340, 363, 391, 336, 299),
(414, 303, 357, 384, 44, 216, 199, 392, 421, 364, 161, 249, 182, 62, 295, 485, 339, 382, 65, 185, 120),
(415, 128, 151, 153, 227, 102, 146, 205, 295, 190, 378, 143, 196, 140, 118, 316, 150, 147, 268, 131, 178),
(416, 24, 20, 25, 123, 76, 56, 369, 510, 335, 209, 108, 167, 411, 38, 405, 33, 39, 94, 58, 36),
(417, 314, 390, 407, 455, 429, 432, 536, 300, 525, 445, 410, 469, 468, 393, 325, 462, 495, 441, 427, 445),
(418, 171, 201, 216, 99, 90, 171, 121, 59, 110, 128, 55, 145, 394, 156, 33, 186, 192, 157, 104, 176),
(419, 82, 86, 89, 112, 28, 40, 217, 431, 199, 63, 37, 63, 108, 88, 360, 93, 93, 85, 33, 47),
(420, 108, 122, 127, 205, 246, 73, 216, 371, 245, 265, 409, 171, 285, 120, 308, 163, 143, 222, 292, 122),
(421, 281, 371, 344, 488, 417, 372, 427, 400, 468, 497, 456, 398, 457, 277, 64, 357, 338, 417, 352, 269),
(422, 110, 138, 123, 366, 290, 309, 157, 91, 142, 257, 264, 327, 99, 100, 92, 114, 107, 265, 269, 268),
(423, 229, 301, 291, 359, 340, 318, 119, 164, 166, 354, 356, 314, 356, 227, 260, 299, 292, 379, 385, 314),
(424, 38, 36, 37, 237, 27, 121, 470, 440, 460, 240, 32, 243, 380, 51, 192, 53, 54, 116, 20, 51),
(425, 45, 41, 47, 24, 10, 13, 58, 338, 37, 13, 12, 12, 165, 46, 361, 41, 50, 28, 11, 17),
(426, 57, 64, 60, 301, 269, 148, 267, 267, 306, 444, 455, 308, 431, 81, 143, 110, 83, 364, 325, 221),
(427, 66, 71, 74, 97, 162, 70, 243, 420, 252, 280, 301, 240, 207, 103, 430, 132, 116, 177, 235, 148),
(428, 79, 81, 90, 21, 44, 67, 14, 201, 6, 19, 58, 64, 160, 65, 108, 69, 72, 16, 45, 42),
(429, 172, 202, 220, 41, 45, 103, 229, 158, 226, 106, 26, 49, 7, 165, 127, 198, 210, 60, 31, 34),
(430, 290, 384, 366, 515, 517, 480, 170, 157, 401, 514, 504, 474, 467, 271, 324, 387, 354, 518, 532, 471),
(431, 156, 209, 191, 409, 300, 209, 43, 375, 244, 404, 435, 284, 481, 112, 182, 204, 137, 329, 276, 143),
(432, 415, 489, 497, 439, 491, 514, 373, 217, 359, 345, 464, 454, 359, 375, 242, 439, 461, 356, 469, 450),
(433, 387, 459, 470, 425, 441, 445, 494, 470, 454, 458, 458, 443, 403, 383, 402, 436, 474, 401, 408, 373),
(434, 288, 344, 358, 168, 148, 221, 237, 71, 133, 207, 122, 149, 124, 268, 116, 304, 325, 150, 140, 164),
(435, 249, 314, 314, 350, 373, 376, 113, 194, 131, 225, 223, 208, 233, 290, 397, 356, 364, 409, 421, 394),
(436, 182, 226, 232, 216, 63, 137, 314, 106, 315, 141, 39, 84, 161, 199, 221, 248, 240, 171, 71, 109),
(437, 252, 305, 323, 105, 156, 230, 332, 243, 323, 134, 139, 176, 232, 247, 144, 298, 313, 106, 127, 147),
(438, 242, 297, 307, 133, 42, 157, 289, 431, 269, 86, 29, 106, 150, 245, 338, 296, 311, 89, 47, 92),
(439, 250, 302, 319, 90, 78, 193, 101, 62, 132, 59, 57, 250, 115, 215, 82, 259, 279, 71, 63, 174),
(440, 75, 92, 83, 342, 338, 275, 181, 351, 339, 476, 487, 435, 438, 88, 306, 208, 110, 446, 449, 348),
(441, 354, 424, 434, 339, 390, 353, 409, 432, 389, 468, 439, 427, 332, 353, 474, 409, 436, 451, 462, 379),
(442, 238, 290, 302, 152, 32, 37, 303, 15, 251, 101, 45, 50, 186, 230, 46, 274, 290, 80, 32, 29),
(443, 60, 60, 66, 40, 71, 43, 52, 503, 53, 138, 195, 263, 401, 42, 196, 37, 44, 20, 38, 12),
(444, 372, 439, 447, 382, 366, 371, 235, 40, 188, 188, 300, 212, 169, 353, 159, 411, 437, 334, 430, 345),
(445, 133, 165, 159, 274, 245, 299, 190, 296, 178, 262, 237, 416, 324, 115, 386, 143, 134, 202, 192, 285),
(446, 365, 437, 444, 408, 458, 427, 333, 258, 344, 259, 360, 262, 185, 369, 496, 437, 459, 425, 501, 414),
(447, 286, 350, 360, 264, 188, 152, 112, 49, 96, 104, 156, 100, 96, 275, 175, 320, 349, 214, 246, 184),
(448, 272, 333, 349, 208, 324, 226, 171, 344, 204, 266, 338, 172, 151, 267, 348, 329, 350, 331, 393, 227),
(449, 435, 498, 517, 367, 439, 506, 466, 346, 456, 271, 323, 374, 128, 428, 432, 483, 517, 372, 434, 461),
(450, 127, 155, 149, 322, 323, 169, 176, 407, 195, 512, 492, 389, 522, 106, 344, 129, 127, 394, 351, 206),
(451, 404, 468, 484, 296, 446, 461, 391, 350, 351, 248, 437, 380, 76, 368, 403, 422, 456, 206, 413, 329),
(452, 134, 154, 160, 137, 185, 118, 66, 436, 106, 333, 296, 187, 386, 121, 492, 148, 149, 209, 218, 136),
(453, 272, 329, 337, 276, 287, 377, 240, 88, 234, 125, 141, 273, 315, 254, 34, 308, 312, 136, 159, 259),
(454, 166, 199, 213, 86, 128, 153, 33, 70, 26, 43, 93, 99, 43, 190, 164, 220, 246, 144, 226, 237),
(455, 210, 267, 274, 186, 119, 256, 286, 466, 260, 121, 47, 184, 250, 223, 503, 262, 287, 128, 69, 152),
(456, 112, 131, 131, 253, 293, 125, 251, 498, 235, 313, 398, 191, 117, 124, 497, 158, 153, 239, 324, 126),
(457, 203, 242, 257, 67, 117, 131, 87, 341, 58, 34, 127, 80, 79, 191, 461, 216, 245, 78, 163, 94),
(458, 192, 224, 245, 62, 38, 93, 189, 307, 139, 50, 27, 74, 26, 190, 425, 214, 241, 83, 43, 93),
(459, 39, 35, 40, 45, 51, 38, 45, 434, 49, 129, 117, 61, 139, 33, 486, 30, 32, 86, 75, 60),
(460, 350, 421, 436, 340, 352, 374, 507, 275, 495, 290, 276, 370, 395, 389, 465, 452, 481, 306, 300, 348),
(461, 454, 520, 538, 502, 532, 536, 538, 327, 531, 500, 506, 490, 404, 456, 407, 513, 543, 465, 510, 481),
(462, 264, 319, 340, 69, 153, 92, 128, 173, 155, 210, 188, 75, 84, 236, 427, 295, 303, 133, 177, 77),
(463, 109, 119, 130, 102, 149, 96, 51, 105, 57, 212, 210, 120, 220, 104, 211, 120, 120, 200, 222, 181),
(464, 201, 245, 256, 114, 226, 218, 78, 77, 47, 178, 134, 155, 48, 214, 209, 247, 277, 227, 224, 252),
(465, 204, 270, 263, 378, 354, 212, 211, 128, 394, 518, 500, 349, 518, 237, 260, 361, 302, 500, 504, 307),
(466, 198, 263, 255, 332, 365, 271, 254, 119, 266, 392, 418, 306, 274, 210, 257, 296, 280, 407, 438, 282),
(467, 32, 30, 33, 85, 49, 18, 288, 329, 255, 126, 66, 17, 249, 48, 229, 48, 52, 107, 64, 15),
(468, 363, 444, 443, 503, 493, 486, 506, 377, 492, 522, 491, 481, 532, 370, 358, 433, 459, 482, 464, 421),
(469, 111, 150, 124, 437, 355, 344, 353, 438, 363, 394, 441, 444, 450, 142, 253, 188, 154, 352, 344, 316),
(470, 31, 32, 36, 129, 125, 80, 323, 341, 308, 255, 275, 217, 352, 47, 264, 44, 57, 148, 148, 119),
(471, 136, 157, 170, 115, 92, 167, 449, 506, 436, 186, 123, 287, 347, 151, 448, 176, 193, 63, 56, 75),
(472, 291, 356, 368, 250, 249, 251, 154, 7, 173, 220, 232, 153, 162, 294, 59, 347, 373, 344, 338, 278),
(473, 149, 163, 187, 7, 0, 0, 382, 516, 347, 37, 0, 0, 267, 144, 493, 149, 185, 8, 0, 0),
(474, 69, 80, 73, 324, 231, 83, 16, 27, 56, 384, 280, 89, 420, 72, 83, 103, 74, 434, 361, 163),
(475, 179, 231, 226, 235, 254, 241, 18, 16, 38, 226, 332, 152, 144, 177, 83, 236, 224, 328, 372, 234),
(476, 257, 321, 325, 338, 229, 238, 296, 227, 334, 403, 287, 342, 214, 276, 318, 348, 348, 397, 288, 305),
(477, 246, 299, 313, 80, 82, 63, 22, 37, 77, 136, 61, 26, 114, 227, 151, 298, 297, 235, 162, 102),
(478, 103, 121, 119, 233, 239, 123, 81, 280, 124, 275, 390, 139, 321, 90, 154, 115, 98, 237, 296, 146),
(479, 333, 416, 413, 495, 499, 466, 253, 208, 367, 502, 507, 473, 493, 301, 188, 377, 384, 472, 489, 385),
(480, 141, 177, 173, 212, 124, 81, 108, 287, 145, 208, 111, 34, 81, 140, 332, 196, 172, 281, 194, 83),
(481, 246, 298, 317, 81, 131, 133, 272, 186, 213, 83, 130, 68, 131, 274, 294, 313, 350, 127, 200, 169),
(482, 216, 276, 266, 362, 253, 333, 26, 35, 21, 168, 102, 170, 224, 211, 62, 246, 260, 311, 220, 304),
(483, 232, 281, 286, 222, 211, 250, 152, 189, 121, 36, 151, 194, 29, 217, 201, 253, 275, 114, 206, 211),
(484, 320, 389, 392, 401, 387, 370, 28, 3, 28, 234, 334, 246, 137, 289, 4, 349, 358, 363, 416, 324),
(485, 159, 230, 199, 442, 434, 321, 336, 298, 474, 527, 524, 493, 527, 163, 129, 273, 203, 445, 454, 306),
(486, 279, 332, 353, 150, 234, 207, 112, 221, 92, 154, 163, 62, 9, 277, 255, 321, 353, 249, 281, 153),
(487, 400, 471, 481, 432, 500, 507, 435, 361, 412, 356, 395, 285, 270, 406, 389, 458, 494, 421, 491, 432),
(488, 116, 139, 137, 277, 199, 246, 319, 277, 303, 133, 175, 284, 271, 138, 145, 165, 175, 135, 178, 236),
(489, 342, 407, 420, 171, 163, 158, 159, 34, 163, 166, 115, 39, 54, 330, 301, 393, 408, 355, 284, 205),
(490, 148, 175, 189, 66, 58, 57, 117, 269, 127, 115, 60, 22, 164, 182, 428, 232, 235, 197, 142, 107),
(491, 366, 431, 449, 124, 206, 296, 401, 243, 375, 38, 82, 117, 11, 342, 66, 392, 421, 66, 116, 187);
INSERT INTO `app1_kanker` (`id`, `rerata_jari2_lobus`, `rerata_tumor_inti`, `rerata_luas_lobus`, `rerata_luas_permukaan_tumor`, `rerata_cekungan_kontur`, `rerata_jumlah_cekungan_kontur`, `se_jari2_lobus`, `se_tekstur_permukaan`, `se_tumor_inti`, `se_luas_permukaan_tumor`, `se_cekungan_kontur`, `se_jumlah_cekungan_kontur`, `se_fraktal_spesimen`, `keparahan_jari2_lobus`, `keparahan_tekstur_permukaan`, `keparahan_tumor_inti`, `keparahan_luas_lobus`, `keparahan_luas_permukaan_tumor`, `keparahan_cekungan_kontur`, `keparahan_jumlah_cekungan_kontur`) VALUES
(492, 371, 441, 454, 395, 384, 412, 483, 322, 482, 344, 365, 413, 358, 369, 277, 432, 457, 289, 291, 333),
(493, 160, 185, 201, 26, 22, 49, 267, 389, 225, 70, 34, 132, 430, 130, 23, 128, 160, 19, 15, 18),
(494, 200, 239, 259, 76, 64, 55, 261, 381, 267, 267, 103, 47, 209, 202, 350, 250, 255, 168, 78, 45),
(495, 289, 352, 363, 238, 281, 324, 130, 423, 129, 144, 221, 287, 77, 259, 351, 311, 327, 123, 202, 247),
(496, 168, 227, 207, 416, 307, 326, 131, 53, 150, 324, 265, 232, 315, 193, 164, 250, 247, 429, 378, 314),
(497, 161, 198, 203, 198, 161, 166, 21, 113, 50, 144, 105, 109, 32, 175, 219, 234, 225, 312, 245, 256),
(498, 380, 451, 461, 410, 426, 465, 490, 242, 470, 397, 407, 396, 452, 385, 181, 440, 473, 370, 375, 368),
(499, 428, 497, 512, 464, 495, 503, 442, 302, 444, 352, 388, 376, 330, 405, 396, 477, 497, 413, 465, 442),
(500, 297, 373, 370, 422, 299, 368, 321, 143, 263, 233, 197, 223, 275, 281, 111, 337, 359, 266, 221, 248),
(501, 241, 320, 310, 473, 406, 390, 397, 401, 356, 442, 347, 406, 502, 259, 443, 321, 330, 440, 363, 341),
(502, 163, 205, 197, 330, 258, 258, 183, 264, 123, 192, 254, 281, 176, 148, 139, 168, 179, 186, 227, 190),
(503, 444, 510, 528, 390, 449, 487, 533, 96, 526, 408, 379, 471, 239, 451, 208, 508, 536, 415, 398, 460),
(504, 20, 32, 18, 518, 342, 331, 351, 263, 360, 472, 348, 472, 531, 23, 24, 35, 16, 398, 251, 250),
(505, 33, 45, 27, 514, 386, 397, 204, 357, 165, 488, 451, 369, 533, 30, 56, 38, 25, 418, 322, 261),
(506, 146, 193, 172, 360, 311, 143, 49, 122, 8, 285, 378, 218, 342, 128, 215, 152, 136, 286, 376, 167),
(507, 77, 88, 79, 326, 187, 298, 44, 234, 59, 308, 163, 317, 519, 66, 121, 74, 69, 239, 146, 225),
(508, 336, 398, 415, 151, 248, 313, 84, 12, 30, 113, 247, 364, 187, 298, 51, 338, 380, 118, 240, 307),
(509, 312, 395, 387, 492, 482, 434, 273, 471, 353, 490, 480, 463, 480, 293, 483, 367, 375, 487, 490, 449),
(510, 120, 148, 141, 287, 279, 188, 69, 58, 65, 448, 385, 386, 499, 93, 48, 108, 105, 345, 307, 258),
(511, 287, 340, 362, 59, 152, 181, 105, 50, 144, 110, 124, 244, 69, 244, 47, 301, 317, 70, 126, 160),
(512, 211, 296, 273, 435, 416, 425, 334, 187, 369, 295, 345, 334, 359, 274, 375, 352, 356, 431, 463, 431),
(513, 274, 335, 348, 266, 312, 302, 355, 51, 304, 230, 306, 164, 143, 281, 40, 331, 361, 220, 286, 218),
(514, 298, 361, 375, 256, 297, 301, 331, 291, 320, 198, 298, 202, 58, 305, 340, 355, 388, 254, 318, 272),
(515, 94, 102, 103, 246, 200, 185, 151, 222, 99, 200, 214, 260, 8, 94, 187, 92, 112, 153, 196, 197),
(516, 377, 448, 460, 384, 438, 471, 425, 181, 383, 238, 295, 241, 212, 374, 283, 430, 463, 319, 392, 337),
(517, 411, 480, 490, 406, 412, 470, 408, 155, 413, 299, 309, 286, 292, 403, 249, 469, 480, 389, 426, 361),
(518, 183, 246, 214, 468, 224, 336, 381, 281, 378, 305, 113, 303, 278, 223, 220, 287, 267, 360, 144, 266),
(519, 173, 221, 215, 344, 175, 234, 329, 219, 296, 189, 189, 189, 322, 199, 148, 237, 238, 230, 168, 165),
(520, 21, 23, 20, 379, 146, 173, 300, 268, 278, 327, 225, 398, 351, 29, 53, 28, 24, 253, 111, 141),
(521, 450, 515, 533, 509, 505, 526, 515, 165, 504, 396, 352, 401, 424, 447, 307, 505, 535, 456, 444, 471),
(522, 86, 89, 100, 38, 19, 17, 11, 262, 7, 15, 19, 19, 145, 71, 295, 76, 76, 35, 25, 22),
(523, 233, 298, 285, 325, 242, 285, 258, 312, 259, 293, 211, 343, 335, 226, 265, 288, 286, 322, 237, 296),
(524, 42, 40, 41, 242, 87, 172, 162, 302, 203, 263, 70, 93, 306, 52, 184, 68, 51, 275, 90, 116),
(525, 6, 9, 7, 199, 105, 79, 8, 76, 17, 218, 164, 113, 353, 9, 67, 14, 11, 273, 207, 196),
(526, 215, 278, 268, 353, 196, 248, 76, 44, 85, 165, 126, 114, 71, 235, 245, 302, 298, 375, 302, 321),
(527, 153, 187, 192, 132, 127, 191, 3, 19, 1, 56, 54, 52, 17, 152, 80, 175, 191, 250, 214, 260),
(528, 247, 310, 309, 292, 354, 386, 426, 505, 435, 399, 432, 498, 460, 205, 6, 245, 256, 119, 187, 246),
(529, 139, 167, 163, 269, 170, 208, 166, 23, 152, 100, 162, 137, 134, 144, 14, 171, 176, 163, 195, 144),
(530, 121, 143, 139, 290, 237, 306, 378, 459, 374, 231, 155, 331, 149, 146, 335, 192, 180, 208, 158, 244),
(531, 115, 135, 132, 280, 195, 142, 84, 156, 78, 214, 172, 40, 204, 141, 357, 173, 177, 361, 310, 168),
(532, 230, 281, 292, 181, 59, 109, 82, 14, 73, 26, 40, 31, 52, 255, 105, 300, 324, 152, 137, 204),
(533, 422, 491, 507, 407, 430, 489, 497, 437, 478, 383, 389, 422, 211, 394, 314, 451, 479, 318, 334, 361),
(534, 74, 83, 78, 291, 236, 206, 20, 413, 32, 412, 406, 341, 310, 63, 299, 77, 66, 313, 254, 239),
(535, 425, 497, 509, 479, 488, 520, 471, 212, 464, 334, 384, 362, 206, 412, 259, 468, 499, 376, 437, 447),
(536, 261, 328, 327, 361, 419, 367, 80, 453, 183, 332, 421, 315, 338, 231, 463, 312, 300, 338, 428, 309),
(537, 117, 149, 121, 448, 210, 311, 230, 475, 238, 421, 179, 434, 470, 115, 435, 159, 114, 385, 164, 299),
(538, 2, 2, 2, 54, 0, 0, 324, 376, 294, 65, 0, 0, 500, 4, 401, 3, 4, 42, 0, 0),
(539, 1, 3, 1, 373, 330, 65, 109, 386, 87, 515, 514, 346, 509, 1, 426, 1, 1, 369, 364, 62),
(540, 107, 128, 115, 345, 280, 185, 207, 442, 135, 461, 466, 379, 459, 84, 93, 90, 92, 258, 215, 130),
(541, 269, 349, 345, 380, 353, 289, 173, 260, 318, 478, 367, 282, 483, 264, 422, 353, 337, 458, 420, 286),
(542, 283, 341, 355, 176, 190, 236, 238, 354, 240, 105, 184, 311, 198, 278, 436, 327, 346, 120, 193, 265),
(543, 203, 250, 258, 160, 130, 257, 136, 416, 115, 145, 125, 183, 12, 192, 489, 231, 242, 122, 121, 161),
(544, 244, 304, 300, 305, 165, 166, 201, 244, 218, 282, 261, 178, 319, 223, 232, 285, 278, 240, 160, 127),
(545, 226, 274, 290, 154, 129, 176, 294, 337, 216, 273, 202, 179, 191, 235, 363, 268, 301, 144, 117, 138),
(546, 55, 52, 58, 57, 30, 15, 92, 200, 70, 27, 64, 45, 193, 53, 150, 49, 56, 48, 42, 14),
(547, 53, 55, 53, 225, 204, 175, 1, 230, 9, 382, 260, 258, 473, 36, 160, 47, 37, 276, 212, 186),
(548, 34, 29, 32, 60, 88, 36, 230, 347, 212, 96, 239, 209, 374, 41, 263, 36, 42, 59, 103, 37),
(549, 67, 72, 76, 143, 52, 29, 414, 464, 408, 237, 96, 58, 248, 117, 409, 135, 125, 164, 59, 28),
(550, 68, 67, 75, 32, 0, 0, 256, 325, 229, 91, 0, 0, 133, 64, 233, 66, 70, 31, 0, 0),
(551, 79, 91, 88, 231, 223, 151, 210, 379, 204, 377, 343, 230, 421, 76, 346, 83, 78, 191, 188, 111),
(552, 175, 207, 229, 33, 73, 76, 148, 348, 94, 119, 100, 198, 61, 168, 480, 185, 215, 79, 95, 113),
(553, 22, 17, 22, 91, 182, 58, 236, 455, 232, 235, 382, 316, 416, 15, 241, 13, 14, 41, 84, 16),
(554, 183, 220, 237, 100, 268, 163, 95, 345, 103, 281, 373, 126, 227, 170, 478, 197, 217, 159, 282, 112),
(555, 54, 53, 55, 200, 262, 198, 110, 491, 82, 348, 433, 425, 436, 37, 470, 39, 38, 179, 244, 214),
(556, 48, 49, 49, 189, 18, 45, 153, 482, 137, 291, 20, 107, 142, 32, 181, 29, 31, 95, 9, 13),
(557, 25, 19, 26, 56, 0, 0, 422, 513, 411, 97, 0, 0, 281, 27, 462, 23, 26, 29, 0, 0),
(558, 275, 354, 347, 415, 356, 280, 122, 265, 248, 477, 490, 404, 392, 239, 319, 320, 302, 380, 386, 268),
(559, 105, 127, 118, 306, 369, 294, 146, 511, 192, 369, 473, 309, 423, 95, 488, 118, 106, 315, 383, 229),
(560, 253, 316, 315, 347, 207, 300, 312, 392, 348, 342, 208, 408, 454, 232, 445, 293, 291, 279, 152, 254),
(561, 83, 82, 94, 10, 0, 0, 252, 517, 210, 49, 0, 0, 67, 70, 495, 70, 81, 12, 0, 0),
(562, 305, 392, 383, 508, 514, 469, 186, 297, 274, 486, 497, 405, 485, 304, 506, 396, 376, 523, 537, 463),
(563, 432, 505, 515, 517, 524, 527, 511, 232, 522, 469, 503, 491, 490, 411, 371, 493, 501, 455, 506, 476),
(564, 438, 503, 522, 364, 509, 522, 529, 314, 514, 362, 453, 483, 383, 426, 293, 480, 518, 255, 423, 453),
(565, 413, 483, 499, 312, 415, 483, 487, 500, 480, 314, 377, 420, 179, 401, 494, 459, 493, 218, 350, 364),
(566, 340, 410, 421, 308, 329, 335, 387, 257, 398, 437, 428, 390, 349, 328, 460, 390, 413, 371, 366, 317),
(567, 429, 500, 501, 530, 530, 531, 476, 415, 491, 513, 495, 415, 487, 431, 500, 497, 502, 525, 534, 482),
(568, 3, 1, 3, 37, 0, 0, 330, 366, 301, 4, 0, 0, 222, 8, 387, 7, 7, 17, 0, 0);

-- --------------------------------------------------------

--
-- Table structure for table `auth_group`
--

CREATE TABLE `auth_group` (
  `id` int(11) NOT NULL,
  `name` varchar(150) NOT NULL
) ENGINE=InnoDB DEFAULT CHARSET=utf8mb4;

-- --------------------------------------------------------

--
-- Table structure for table `auth_group_permissions`
--

CREATE TABLE `auth_group_permissions` (
  `id` bigint(20) NOT NULL,
  `group_id` int(11) NOT NULL,
  `permission_id` int(11) NOT NULL
) ENGINE=InnoDB DEFAULT CHARSET=utf8mb4;

-- --------------------------------------------------------

--
-- Table structure for table `auth_permission`
--

CREATE TABLE `auth_permission` (
  `id` int(11) NOT NULL,
  `name` varchar(255) NOT NULL,
  `content_type_id` int(11) NOT NULL,
  `codename` varchar(100) NOT NULL
) ENGINE=InnoDB DEFAULT CHARSET=utf8mb4;

--
-- Dumping data for table `auth_permission`
--

INSERT INTO `auth_permission` (`id`, `name`, `content_type_id`, `codename`) VALUES
(1, 'Can add log entry', 1, 'add_logentry'),
(2, 'Can change log entry', 1, 'change_logentry'),
(3, 'Can delete log entry', 1, 'delete_logentry'),
(4, 'Can view log entry', 1, 'view_logentry'),
(5, 'Can add permission', 2, 'add_permission'),
(6, 'Can change permission', 2, 'change_permission'),
(7, 'Can delete permission', 2, 'delete_permission'),
(8, 'Can view permission', 2, 'view_permission'),
(9, 'Can add group', 3, 'add_group'),
(10, 'Can change group', 3, 'change_group'),
(11, 'Can delete group', 3, 'delete_group'),
(12, 'Can view group', 3, 'view_group'),
(13, 'Can add user', 4, 'add_user'),
(14, 'Can change user', 4, 'change_user'),
(15, 'Can delete user', 4, 'delete_user'),
(16, 'Can view user', 4, 'view_user'),
(17, 'Can add content type', 5, 'add_contenttype'),
(18, 'Can change content type', 5, 'change_contenttype'),
(19, 'Can delete content type', 5, 'delete_contenttype'),
(20, 'Can view content type', 5, 'view_contenttype'),
(21, 'Can add session', 6, 'add_session'),
(22, 'Can change session', 6, 'change_session'),
(23, 'Can delete session', 6, 'delete_session'),
(24, 'Can view session', 6, 'view_session'),
(25, 'Can add kanker', 7, 'add_kanker'),
(26, 'Can change kanker', 7, 'change_kanker'),
(27, 'Can delete kanker', 7, 'delete_kanker'),
(28, 'Can view kanker', 7, 'view_kanker'),
(29, 'Can add kanker', 8, 'add_kanker'),
(30, 'Can change kanker', 8, 'change_kanker'),
(31, 'Can delete kanker', 8, 'delete_kanker'),
(32, 'Can view kanker', 8, 'view_kanker'),
(33, 'Can add kanker', 9, 'add_kanker'),
(34, 'Can change kanker', 9, 'change_kanker'),
(35, 'Can delete kanker', 9, 'delete_kanker'),
(36, 'Can view kanker', 9, 'view_kanker'),
(37, 'Can add site', 10, 'add_site'),
(38, 'Can change site', 10, 'change_site'),
(39, 'Can delete site', 10, 'delete_site'),
(40, 'Can view site', 10, 'view_site'),
(41, 'Can add email address', 11, 'add_emailaddress'),
(42, 'Can change email address', 11, 'change_emailaddress'),
(43, 'Can delete email address', 11, 'delete_emailaddress'),
(44, 'Can view email address', 11, 'view_emailaddress'),
(45, 'Can add email confirmation', 12, 'add_emailconfirmation'),
(46, 'Can change email confirmation', 12, 'change_emailconfirmation'),
(47, 'Can delete email confirmation', 12, 'delete_emailconfirmation'),
(48, 'Can view email confirmation', 12, 'view_emailconfirmation'),
(49, 'Can add social account', 13, 'add_socialaccount'),
(50, 'Can change social account', 13, 'change_socialaccount'),
(51, 'Can delete social account', 13, 'delete_socialaccount'),
(52, 'Can view social account', 13, 'view_socialaccount'),
(53, 'Can add social application', 14, 'add_socialapp'),
(54, 'Can change social application', 14, 'change_socialapp'),
(55, 'Can delete social application', 14, 'delete_socialapp'),
(56, 'Can view social application', 14, 'view_socialapp'),
(57, 'Can add social application token', 15, 'add_socialtoken'),
(58, 'Can change social application token', 15, 'change_socialtoken'),
(59, 'Can delete social application token', 15, 'delete_socialtoken'),
(60, 'Can view social application token', 15, 'view_socialtoken');

-- --------------------------------------------------------

--
-- Table structure for table `auth_user`
--

CREATE TABLE `auth_user` (
  `id` int(11) NOT NULL,
  `password` varchar(128) NOT NULL,
  `last_login` datetime(6) DEFAULT NULL,
  `is_superuser` tinyint(1) NOT NULL,
  `username` varchar(150) NOT NULL,
  `first_name` varchar(150) NOT NULL,
  `last_name` varchar(150) NOT NULL,
  `email` varchar(254) NOT NULL,
  `is_staff` tinyint(1) NOT NULL,
  `is_active` tinyint(1) NOT NULL,
  `date_joined` datetime(6) NOT NULL
) ENGINE=InnoDB DEFAULT CHARSET=utf8mb4;

--
-- Dumping data for table `auth_user`
--

INSERT INTO `auth_user` (`id`, `password`, `last_login`, `is_superuser`, `username`, `first_name`, `last_name`, `email`, `is_staff`, `is_active`, `date_joined`) VALUES
(1, 'pbkdf2_sha256$390000$kXcph1Lx6cNxZmbzF8QCDg$a6oSDWO/QVDiuAyokCAd8ph3DmeGh3b8a5j6BzUUqP8=', '2022-12-29 14:33:47.940229', 1, 'admindhanti', '', '', 'admindhanti@gmail.com', 1, 1, '2022-12-29 13:58:36.769031');

-- --------------------------------------------------------

--
-- Table structure for table `auth_user_groups`
--

CREATE TABLE `auth_user_groups` (
  `id` bigint(20) NOT NULL,
  `user_id` int(11) NOT NULL,
  `group_id` int(11) NOT NULL
) ENGINE=InnoDB DEFAULT CHARSET=utf8mb4;

-- --------------------------------------------------------

--
-- Table structure for table `auth_user_user_permissions`
--

CREATE TABLE `auth_user_user_permissions` (
  `id` bigint(20) NOT NULL,
  `user_id` int(11) NOT NULL,
  `permission_id` int(11) NOT NULL
) ENGINE=InnoDB DEFAULT CHARSET=utf8mb4;

-- --------------------------------------------------------

--
-- Table structure for table `django_admin_log`
--

CREATE TABLE `django_admin_log` (
  `id` int(11) NOT NULL,
  `action_time` datetime(6) NOT NULL,
  `object_id` longtext DEFAULT NULL,
  `object_repr` varchar(200) NOT NULL,
  `action_flag` smallint(5) UNSIGNED NOT NULL CHECK (`action_flag` >= 0),
  `change_message` longtext NOT NULL,
  `content_type_id` int(11) DEFAULT NULL,
  `user_id` int(11) NOT NULL
) ENGINE=InnoDB DEFAULT CHARSET=utf8mb4;

--
-- Dumping data for table `django_admin_log`
--

INSERT INTO `django_admin_log` (`id`, `action_time`, `object_id`, `object_repr`, `action_flag`, `change_message`, `content_type_id`, `user_id`) VALUES
(1, '2022-12-29 14:40:50.340135', '1', 'Kanker object (1)', 1, '[{\"added\": {}}]', 7, 1);

-- --------------------------------------------------------

--
-- Table structure for table `django_content_type`
--

CREATE TABLE `django_content_type` (
  `id` int(11) NOT NULL,
  `app_label` varchar(100) NOT NULL,
  `model` varchar(100) NOT NULL
) ENGINE=InnoDB DEFAULT CHARSET=utf8mb4;

--
-- Dumping data for table `django_content_type`
--

INSERT INTO `django_content_type` (`id`, `app_label`, `model`) VALUES
(11, 'account', 'emailaddress'),
(12, 'account', 'emailconfirmation'),
(1, 'admin', 'logentry'),
(7, 'api', 'kanker'),
(8, 'apk_predict', 'kanker'),
(9, 'app1', 'kanker'),
(3, 'auth', 'group'),
(2, 'auth', 'permission'),
(4, 'auth', 'user'),
(5, 'contenttypes', 'contenttype'),
(6, 'sessions', 'session'),
(10, 'sites', 'site'),
(13, 'socialaccount', 'socialaccount'),
(14, 'socialaccount', 'socialapp'),
(15, 'socialaccount', 'socialtoken');

-- --------------------------------------------------------

--
-- Table structure for table `django_migrations`
--

CREATE TABLE `django_migrations` (
  `id` bigint(20) NOT NULL,
  `app` varchar(255) NOT NULL,
  `name` varchar(255) NOT NULL,
  `applied` datetime(6) NOT NULL
) ENGINE=InnoDB DEFAULT CHARSET=utf8mb4;

--
-- Dumping data for table `django_migrations`
--

INSERT INTO `django_migrations` (`id`, `app`, `name`, `applied`) VALUES
(1, 'contenttypes', '0001_initial', '2022-12-29 13:53:21.072771'),
(2, 'auth', '0001_initial', '2022-12-29 13:53:21.870139'),
(3, 'admin', '0001_initial', '2022-12-29 13:53:22.078196'),
(4, 'admin', '0002_logentry_remove_auto_add', '2022-12-29 13:53:22.102199'),
(5, 'admin', '0003_logentry_add_action_flag_choices', '2022-12-29 13:53:22.126213'),
(6, 'contenttypes', '0002_remove_content_type_name', '2022-12-29 13:53:22.238233'),
(7, 'auth', '0002_alter_permission_name_max_length', '2022-12-29 13:53:22.350262'),
(8, 'auth', '0003_alter_user_email_max_length', '2022-12-29 13:53:22.390279'),
(9, 'auth', '0004_alter_user_username_opts', '2022-12-29 13:53:22.414278'),
(10, 'auth', '0005_alter_user_last_login_null', '2022-12-29 13:53:22.486324'),
(11, 'auth', '0006_require_contenttypes_0002', '2022-12-29 13:53:22.494318'),
(12, 'auth', '0007_alter_validators_add_error_messages', '2022-12-29 13:53:22.510302'),
(13, 'auth', '0008_alter_user_username_max_length', '2022-12-29 13:53:22.550311'),
(14, 'auth', '0009_alter_user_last_name_max_length', '2022-12-29 13:53:22.598330'),
(15, 'auth', '0010_alter_group_name_max_length', '2022-12-29 13:53:22.646338'),
(16, 'auth', '0011_update_proxy_permissions', '2022-12-29 13:53:22.662341'),
(17, 'auth', '0012_alter_user_first_name_max_length', '2022-12-29 13:53:22.702366'),
(18, 'sessions', '0001_initial', '2022-12-29 13:53:22.750368'),
(19, 'api', '0001_initial', '2022-12-29 14:07:48.777213'),
(20, 'apk_predict', '0001_initial', '2023-01-13 04:17:23.340925'),
(21, 'account', '0001_initial', '2023-01-16 16:13:20.093904'),
(22, 'account', '0002_email_max_length', '2023-01-16 16:13:20.138133'),
(23, 'app1', '0001_initial', '2023-01-16 16:13:20.191044'),
(24, 'sites', '0001_initial', '2023-01-16 16:13:20.233659'),
(25, 'sites', '0002_alter_domain_unique', '2023-01-16 16:13:20.297024'),
(26, 'socialaccount', '0001_initial', '2023-01-16 16:13:20.966172'),
(27, 'socialaccount', '0002_token_max_lengths', '2023-01-16 16:13:21.087353'),
(28, 'socialaccount', '0003_extra_data_default_dict', '2023-01-16 16:13:21.115616');

-- --------------------------------------------------------

--
-- Table structure for table `django_session`
--

CREATE TABLE `django_session` (
  `session_key` varchar(40) NOT NULL,
  `session_data` longtext NOT NULL,
  `expire_date` datetime(6) NOT NULL
) ENGINE=InnoDB DEFAULT CHARSET=utf8mb4;

--
-- Dumping data for table `django_session`
--

INSERT INTO `django_session` (`session_key`, `session_data`, `expire_date`) VALUES
('ehiub1chlulclcgp67wnew3q2awynrnu', '.eJxVjEEOwiAQRe_C2hAGAkxduvcMZAqDVA0kpV013t2QdKHb_977hwi0byXsndewJHEVIC6_20zxxXWA9KT6aDK2uq3LLIciT9rlvSV-307376BQL6MGg9E65XJENMp6VBOC1jhF0sZnBER25LVHS-y0TgYyWQscnVfA4vMFq5U2lQ:1pAtyd:lwBwBRScdtIpBn6fSSiBCsp80YQDeYBDTk0xT7HaXx4', '2023-01-12 14:33:47.948237');

-- --------------------------------------------------------

--
-- Table structure for table `django_site`
--

CREATE TABLE `django_site` (
  `id` int(11) NOT NULL,
  `domain` varchar(100) NOT NULL,
  `name` varchar(50) NOT NULL
) ENGINE=InnoDB DEFAULT CHARSET=utf8mb4;

--
-- Dumping data for table `django_site`
--

INSERT INTO `django_site` (`id`, `domain`, `name`) VALUES
(2, 'example.com', 'example.com');

-- --------------------------------------------------------

--
-- Table structure for table `socialaccount_socialaccount`
--

CREATE TABLE `socialaccount_socialaccount` (
  `id` int(11) NOT NULL,
  `provider` varchar(30) NOT NULL,
  `uid` varchar(191) NOT NULL,
  `last_login` datetime(6) NOT NULL,
  `date_joined` datetime(6) NOT NULL,
  `extra_data` longtext NOT NULL,
  `user_id` int(11) NOT NULL
) ENGINE=InnoDB DEFAULT CHARSET=utf8mb4;

-- --------------------------------------------------------

--
-- Table structure for table `socialaccount_socialapp`
--

CREATE TABLE `socialaccount_socialapp` (
  `id` int(11) NOT NULL,
  `provider` varchar(30) NOT NULL,
  `name` varchar(40) NOT NULL,
  `client_id` varchar(191) NOT NULL,
  `secret` varchar(191) NOT NULL,
  `key` varchar(191) NOT NULL
) ENGINE=InnoDB DEFAULT CHARSET=utf8mb4;

-- --------------------------------------------------------

--
-- Table structure for table `socialaccount_socialapp_sites`
--

CREATE TABLE `socialaccount_socialapp_sites` (
  `id` bigint(20) NOT NULL,
  `socialapp_id` int(11) NOT NULL,
  `site_id` int(11) NOT NULL
) ENGINE=InnoDB DEFAULT CHARSET=utf8mb4;

-- --------------------------------------------------------

--
-- Table structure for table `socialaccount_socialtoken`
--

CREATE TABLE `socialaccount_socialtoken` (
  `id` int(11) NOT NULL,
  `token` longtext NOT NULL,
  `token_secret` longtext NOT NULL,
  `expires_at` datetime(6) DEFAULT NULL,
  `account_id` int(11) NOT NULL,
  `app_id` int(11) NOT NULL
) ENGINE=InnoDB DEFAULT CHARSET=utf8mb4;

--
-- Indexes for dumped tables
--

--
-- Indexes for table `account_emailaddress`
--
ALTER TABLE `account_emailaddress`
  ADD PRIMARY KEY (`id`),
  ADD UNIQUE KEY `email` (`email`),
  ADD KEY `account_emailaddress_user_id_2c513194_fk_auth_user_id` (`user_id`);

--
-- Indexes for table `account_emailconfirmation`
--
ALTER TABLE `account_emailconfirmation`
  ADD PRIMARY KEY (`id`),
  ADD UNIQUE KEY `key` (`key`),
  ADD KEY `account_emailconfirm_email_address_id_5b7f8c58_fk_account_e` (`email_address_id`);

--
-- Indexes for table `api_kanker`
--
ALTER TABLE `api_kanker`
  ADD PRIMARY KEY (`id`);

--
-- Indexes for table `apk_predict_kanker`
--
ALTER TABLE `apk_predict_kanker`
  ADD PRIMARY KEY (`id`);

--
-- Indexes for table `app1_kanker`
--
ALTER TABLE `app1_kanker`
  ADD PRIMARY KEY (`id`);

--
-- Indexes for table `auth_group`
--
ALTER TABLE `auth_group`
  ADD PRIMARY KEY (`id`),
  ADD UNIQUE KEY `name` (`name`);

--
-- Indexes for table `auth_group_permissions`
--
ALTER TABLE `auth_group_permissions`
  ADD PRIMARY KEY (`id`),
  ADD UNIQUE KEY `auth_group_permissions_group_id_permission_id_0cd325b0_uniq` (`group_id`,`permission_id`),
  ADD KEY `auth_group_permissio_permission_id_84c5c92e_fk_auth_perm` (`permission_id`);

--
-- Indexes for table `auth_permission`
--
ALTER TABLE `auth_permission`
  ADD PRIMARY KEY (`id`),
  ADD UNIQUE KEY `auth_permission_content_type_id_codename_01ab375a_uniq` (`content_type_id`,`codename`);

--
-- Indexes for table `auth_user`
--
ALTER TABLE `auth_user`
  ADD PRIMARY KEY (`id`),
  ADD UNIQUE KEY `username` (`username`);

--
-- Indexes for table `auth_user_groups`
--
ALTER TABLE `auth_user_groups`
  ADD PRIMARY KEY (`id`),
  ADD UNIQUE KEY `auth_user_groups_user_id_group_id_94350c0c_uniq` (`user_id`,`group_id`),
  ADD KEY `auth_user_groups_group_id_97559544_fk_auth_group_id` (`group_id`);

--
-- Indexes for table `auth_user_user_permissions`
--
ALTER TABLE `auth_user_user_permissions`
  ADD PRIMARY KEY (`id`),
  ADD UNIQUE KEY `auth_user_user_permissions_user_id_permission_id_14a6b632_uniq` (`user_id`,`permission_id`),
  ADD KEY `auth_user_user_permi_permission_id_1fbb5f2c_fk_auth_perm` (`permission_id`);

--
-- Indexes for table `django_admin_log`
--
ALTER TABLE `django_admin_log`
  ADD PRIMARY KEY (`id`),
  ADD KEY `django_admin_log_content_type_id_c4bce8eb_fk_django_co` (`content_type_id`),
  ADD KEY `django_admin_log_user_id_c564eba6_fk_auth_user_id` (`user_id`);

--
-- Indexes for table `django_content_type`
--
ALTER TABLE `django_content_type`
  ADD PRIMARY KEY (`id`),
  ADD UNIQUE KEY `django_content_type_app_label_model_76bd3d3b_uniq` (`app_label`,`model`);

--
-- Indexes for table `django_migrations`
--
ALTER TABLE `django_migrations`
  ADD PRIMARY KEY (`id`);

--
-- Indexes for table `django_session`
--
ALTER TABLE `django_session`
  ADD PRIMARY KEY (`session_key`),
  ADD KEY `django_session_expire_date_a5c62663` (`expire_date`);

--
-- Indexes for table `django_site`
--
ALTER TABLE `django_site`
  ADD PRIMARY KEY (`id`),
  ADD UNIQUE KEY `django_site_domain_a2e37b91_uniq` (`domain`);

--
-- Indexes for table `socialaccount_socialaccount`
--
ALTER TABLE `socialaccount_socialaccount`
  ADD PRIMARY KEY (`id`),
  ADD UNIQUE KEY `socialaccount_socialaccount_provider_uid_fc810c6e_uniq` (`provider`,`uid`),
  ADD KEY `socialaccount_socialaccount_user_id_8146e70c_fk_auth_user_id` (`user_id`);

--
-- Indexes for table `socialaccount_socialapp`
--
ALTER TABLE `socialaccount_socialapp`
  ADD PRIMARY KEY (`id`);

--
-- Indexes for table `socialaccount_socialapp_sites`
--
ALTER TABLE `socialaccount_socialapp_sites`
  ADD PRIMARY KEY (`id`),
  ADD UNIQUE KEY `socialaccount_socialapp_sites_socialapp_id_site_id_71a9a768_uniq` (`socialapp_id`,`site_id`),
  ADD KEY `socialaccount_socialapp_sites_site_id_2579dee5_fk_django_site_id` (`site_id`);

--
-- Indexes for table `socialaccount_socialtoken`
--
ALTER TABLE `socialaccount_socialtoken`
  ADD PRIMARY KEY (`id`),
  ADD UNIQUE KEY `socialaccount_socialtoken_app_id_account_id_fca4e0ac_uniq` (`app_id`,`account_id`),
  ADD KEY `socialaccount_social_account_id_951f210e_fk_socialacc` (`account_id`);

--
-- AUTO_INCREMENT for dumped tables
--

--
-- AUTO_INCREMENT for table `account_emailaddress`
--
ALTER TABLE `account_emailaddress`
  MODIFY `id` int(11) NOT NULL AUTO_INCREMENT;

--
-- AUTO_INCREMENT for table `account_emailconfirmation`
--
ALTER TABLE `account_emailconfirmation`
  MODIFY `id` int(11) NOT NULL AUTO_INCREMENT;

--
-- AUTO_INCREMENT for table `api_kanker`
--
ALTER TABLE `api_kanker`
  MODIFY `id` bigint(20) NOT NULL AUTO_INCREMENT, AUTO_INCREMENT=569;

--
-- AUTO_INCREMENT for table `apk_predict_kanker`
--
ALTER TABLE `apk_predict_kanker`
  MODIFY `id` bigint(20) NOT NULL AUTO_INCREMENT, AUTO_INCREMENT=102;

--
-- AUTO_INCREMENT for table `app1_kanker`
--
ALTER TABLE `app1_kanker`
  MODIFY `id` bigint(20) NOT NULL AUTO_INCREMENT, AUTO_INCREMENT=569;

--
-- AUTO_INCREMENT for table `auth_group`
--
ALTER TABLE `auth_group`
  MODIFY `id` int(11) NOT NULL AUTO_INCREMENT;

--
-- AUTO_INCREMENT for table `auth_group_permissions`
--
ALTER TABLE `auth_group_permissions`
  MODIFY `id` bigint(20) NOT NULL AUTO_INCREMENT;

--
-- AUTO_INCREMENT for table `auth_permission`
--
ALTER TABLE `auth_permission`
  MODIFY `id` int(11) NOT NULL AUTO_INCREMENT, AUTO_INCREMENT=61;

--
-- AUTO_INCREMENT for table `auth_user`
--
ALTER TABLE `auth_user`
  MODIFY `id` int(11) NOT NULL AUTO_INCREMENT, AUTO_INCREMENT=2;

--
-- AUTO_INCREMENT for table `auth_user_groups`
--
ALTER TABLE `auth_user_groups`
  MODIFY `id` bigint(20) NOT NULL AUTO_INCREMENT;

--
-- AUTO_INCREMENT for table `auth_user_user_permissions`
--
ALTER TABLE `auth_user_user_permissions`
  MODIFY `id` bigint(20) NOT NULL AUTO_INCREMENT;

--
-- AUTO_INCREMENT for table `django_admin_log`
--
ALTER TABLE `django_admin_log`
  MODIFY `id` int(11) NOT NULL AUTO_INCREMENT, AUTO_INCREMENT=2;

--
-- AUTO_INCREMENT for table `django_content_type`
--
ALTER TABLE `django_content_type`
  MODIFY `id` int(11) NOT NULL AUTO_INCREMENT, AUTO_INCREMENT=16;

--
-- AUTO_INCREMENT for table `django_migrations`
--
ALTER TABLE `django_migrations`
  MODIFY `id` bigint(20) NOT NULL AUTO_INCREMENT, AUTO_INCREMENT=29;

--
-- AUTO_INCREMENT for table `django_site`
--
ALTER TABLE `django_site`
  MODIFY `id` int(11) NOT NULL AUTO_INCREMENT, AUTO_INCREMENT=3;

--
-- AUTO_INCREMENT for table `socialaccount_socialaccount`
--
ALTER TABLE `socialaccount_socialaccount`
  MODIFY `id` int(11) NOT NULL AUTO_INCREMENT;

--
-- AUTO_INCREMENT for table `socialaccount_socialapp`
--
ALTER TABLE `socialaccount_socialapp`
  MODIFY `id` int(11) NOT NULL AUTO_INCREMENT;

--
-- AUTO_INCREMENT for table `socialaccount_socialapp_sites`
--
ALTER TABLE `socialaccount_socialapp_sites`
  MODIFY `id` bigint(20) NOT NULL AUTO_INCREMENT;

--
-- AUTO_INCREMENT for table `socialaccount_socialtoken`
--
ALTER TABLE `socialaccount_socialtoken`
  MODIFY `id` int(11) NOT NULL AUTO_INCREMENT;

--
-- Constraints for dumped tables
--

--
-- Constraints for table `account_emailaddress`
--
ALTER TABLE `account_emailaddress`
  ADD CONSTRAINT `account_emailaddress_user_id_2c513194_fk_auth_user_id` FOREIGN KEY (`user_id`) REFERENCES `auth_user` (`id`);

--
-- Constraints for table `account_emailconfirmation`
--
ALTER TABLE `account_emailconfirmation`
  ADD CONSTRAINT `account_emailconfirm_email_address_id_5b7f8c58_fk_account_e` FOREIGN KEY (`email_address_id`) REFERENCES `account_emailaddress` (`id`);

--
-- Constraints for table `auth_group_permissions`
--
ALTER TABLE `auth_group_permissions`
  ADD CONSTRAINT `auth_group_permissio_permission_id_84c5c92e_fk_auth_perm` FOREIGN KEY (`permission_id`) REFERENCES `auth_permission` (`id`),
  ADD CONSTRAINT `auth_group_permissions_group_id_b120cbf9_fk_auth_group_id` FOREIGN KEY (`group_id`) REFERENCES `auth_group` (`id`);

--
-- Constraints for table `auth_permission`
--
ALTER TABLE `auth_permission`
  ADD CONSTRAINT `auth_permission_content_type_id_2f476e4b_fk_django_co` FOREIGN KEY (`content_type_id`) REFERENCES `django_content_type` (`id`);

--
-- Constraints for table `auth_user_groups`
--
ALTER TABLE `auth_user_groups`
  ADD CONSTRAINT `auth_user_groups_group_id_97559544_fk_auth_group_id` FOREIGN KEY (`group_id`) REFERENCES `auth_group` (`id`),
  ADD CONSTRAINT `auth_user_groups_user_id_6a12ed8b_fk_auth_user_id` FOREIGN KEY (`user_id`) REFERENCES `auth_user` (`id`);

--
-- Constraints for table `auth_user_user_permissions`
--
ALTER TABLE `auth_user_user_permissions`
  ADD CONSTRAINT `auth_user_user_permi_permission_id_1fbb5f2c_fk_auth_perm` FOREIGN KEY (`permission_id`) REFERENCES `auth_permission` (`id`),
  ADD CONSTRAINT `auth_user_user_permissions_user_id_a95ead1b_fk_auth_user_id` FOREIGN KEY (`user_id`) REFERENCES `auth_user` (`id`);

--
-- Constraints for table `django_admin_log`
--
ALTER TABLE `django_admin_log`
  ADD CONSTRAINT `django_admin_log_content_type_id_c4bce8eb_fk_django_co` FOREIGN KEY (`content_type_id`) REFERENCES `django_content_type` (`id`),
  ADD CONSTRAINT `django_admin_log_user_id_c564eba6_fk_auth_user_id` FOREIGN KEY (`user_id`) REFERENCES `auth_user` (`id`);

--
-- Constraints for table `socialaccount_socialaccount`
--
ALTER TABLE `socialaccount_socialaccount`
  ADD CONSTRAINT `socialaccount_socialaccount_user_id_8146e70c_fk_auth_user_id` FOREIGN KEY (`user_id`) REFERENCES `auth_user` (`id`);

--
-- Constraints for table `socialaccount_socialapp_sites`
--
ALTER TABLE `socialaccount_socialapp_sites`
  ADD CONSTRAINT `socialaccount_social_socialapp_id_97fb6e7d_fk_socialacc` FOREIGN KEY (`socialapp_id`) REFERENCES `socialaccount_socialapp` (`id`),
  ADD CONSTRAINT `socialaccount_socialapp_sites_site_id_2579dee5_fk_django_site_id` FOREIGN KEY (`site_id`) REFERENCES `django_site` (`id`);

--
-- Constraints for table `socialaccount_socialtoken`
--
ALTER TABLE `socialaccount_socialtoken`
  ADD CONSTRAINT `socialaccount_social_account_id_951f210e_fk_socialacc` FOREIGN KEY (`account_id`) REFERENCES `socialaccount_socialaccount` (`id`),
  ADD CONSTRAINT `socialaccount_social_app_id_636a42d7_fk_socialacc` FOREIGN KEY (`app_id`) REFERENCES `socialaccount_socialapp` (`id`);
COMMIT;

/*!40101 SET CHARACTER_SET_CLIENT=@OLD_CHARACTER_SET_CLIENT */;
/*!40101 SET CHARACTER_SET_RESULTS=@OLD_CHARACTER_SET_RESULTS */;
/*!40101 SET COLLATION_CONNECTION=@OLD_COLLATION_CONNECTION */;
